[2021-12-14 22:54:07.184] [info] Updating Model file from 30000 to latest format...
[2021-12-14 22:54:07.236] [warning] Model name 'JW All Body-scaled' contains whitespace.
[2021-12-14 22:54:07.236] [warning] It was renamed to 'JWAllBody-scaled'.
[2021-12-14 22:54:07.296] [info] Loaded model JWAllBody-scaled from file C:\Gil\MeshesInAD\gaitWithKneeProsthesis\trackingSimulations_3D\OpenSimModel\subject_GC\JW All Body Model-scaled.osim
[2021-12-14 22:54:07.305] [warning] Couldn't find file 'femur.vtp'.
[2021-12-14 22:54:07.305] [warning] Couldn't find file 'femoral_component.vtp'.
[2021-12-14 22:54:07.306] [warning] Couldn't find file 'tibial_tray.vtp'.
[2021-12-14 22:54:07.306] [warning] Couldn't find file 'tibia.vtp'.
[2021-12-14 22:54:07.717] [info] ControllerSet 'Controllers' was renamed and is being reset to 'controllerset'.
[2021-12-14 22:54:07.717] [warning] ConstraintSet 'constraintset' has subcomponents with duplicate name 'constantdistanceconstraint'. The duplicate is being renamed to 'constantdistanceconstraint_0'.
[2021-12-14 22:54:07.718] [warning] GeometryPath 'geometrypath' has subcomponents with duplicate name 'pathwrap'. The duplicate is being renamed to 'pathwrap_0'.
[2021-12-14 22:54:07.718] [warning] GeometryPath 'geometrypath' has subcomponents with duplicate name 'pathwrap'. The duplicate is being renamed to 'pathwrap_0'.
[2021-12-14 22:54:07.718] [warning] GeometryPath 'geometrypath' has subcomponents with duplicate name 'pathwrap'. The duplicate is being renamed to 'pathwrap_0'.
[2021-12-14 22:54:07.718] [warning] GeometryPath 'geometrypath' has subcomponents with duplicate name 'pathwrap'. The duplicate is being renamed to 'pathwrap_0'.
[2021-12-14 22:54:07.719] [warning] GeometryPath 'geometrypath' has subcomponents with duplicate name 'pathwrap'. The duplicate is being renamed to 'pathwrap_0'.
[2021-12-14 22:54:07.719] [warning] GeometryPath 'geometrypath' has subcomponents with duplicate name 'default'. The duplicate is being renamed to 'default_0'.
[2021-12-14 22:54:07.719] [warning] GeometryPath 'geometrypath' has subcomponents with duplicate name 'pathwrap'. The duplicate is being renamed to 'pathwrap_0'.
[2021-12-14 22:54:07.719] [warning] GeometryPath 'geometrypath' has subcomponents with duplicate name 'pathwrap'. The duplicate is being renamed to 'pathwrap_1'.
[2021-12-14 22:54:07.719] [warning] GeometryPath 'geometrypath' has subcomponents with duplicate name 'vasint-P4'. The duplicate is being renamed to 'vasint-P4_0'.
[2021-12-14 22:54:07.719] [warning] GeometryPath 'geometrypath' has subcomponents with duplicate name 'pathwrap'. The duplicate is being renamed to 'pathwrap_0'.
[2021-12-14 22:54:07.719] [warning] GeometryPath 'geometrypath' has subcomponents with duplicate name 'pathwrap'. The duplicate is being renamed to 'pathwrap_0'.
[2021-12-14 22:54:07.719] [warning] GeometryPath 'geometrypath' has subcomponents with duplicate name 'default'. The duplicate is being renamed to 'default_0'.
[2021-12-14 22:54:07.719] [warning] GeometryPath 'geometrypath' has subcomponents with duplicate name 'pathwrap'. The duplicate is being renamed to 'pathwrap_0'.
[2021-12-14 22:54:07.719] [info] ComponentSet 'MiscComponents' was renamed and is being reset to 'componentset'.
[2021-12-14 22:54:57.616] [info] Updating Model file from 30000 to latest format...
[2021-12-14 22:54:57.618] [warning] Model name 'JW All Body-scaled' contains whitespace.
[2021-12-14 22:54:57.618] [warning] It was renamed to 'JWAllBody-scaled'.
[2021-12-14 22:54:57.679] [info] Loaded model JWAllBody-scaled from file C:\Gil\MeshesInAD\gaitWithKneeProsthesis\ScaledModel\SubjectSpecific\JW All Body Model-scaled_forvisualization.osim
[2021-12-14 22:54:57.794] [info] ControllerSet 'Controllers' was renamed and is being reset to 'controllerset'.
[2021-12-14 22:54:57.794] [warning] ConstraintSet 'constraintset' has subcomponents with duplicate name 'constantdistanceconstraint'. The duplicate is being renamed to 'constantdistanceconstraint_0'.
[2021-12-14 22:54:57.794] [warning] GeometryPath 'geometrypath' has subcomponents with duplicate name 'pathwrap'. The duplicate is being renamed to 'pathwrap_0'.
[2021-12-14 22:54:57.794] [warning] GeometryPath 'geometrypath' has subcomponents with duplicate name 'pathwrap'. The duplicate is being renamed to 'pathwrap_0'.
[2021-12-14 22:54:57.794] [warning] GeometryPath 'geometrypath' has subcomponents with duplicate name 'pathwrap'. The duplicate is being renamed to 'pathwrap_0'.
[2021-12-14 22:54:57.794] [warning] GeometryPath 'geometrypath' has subcomponents with duplicate name 'pathwrap'. The duplicate is being renamed to 'pathwrap_0'.
[2021-12-14 22:54:57.795] [warning] GeometryPath 'geometrypath' has subcomponents with duplicate name 'pathwrap'. The duplicate is being renamed to 'pathwrap_0'.
[2021-12-14 22:54:57.795] [warning] GeometryPath 'geometrypath' has subcomponents with duplicate name 'default'. The duplicate is being renamed to 'default_0'.
[2021-12-14 22:54:57.795] [warning] GeometryPath 'geometrypath' has subcomponents with duplicate name 'pathwrap'. The duplicate is being renamed to 'pathwrap_0'.
[2021-12-14 22:54:57.795] [warning] GeometryPath 'geometrypath' has subcomponents with duplicate name 'pathwrap'. The duplicate is being renamed to 'pathwrap_1'.
[2021-12-14 22:54:57.795] [warning] GeometryPath 'geometrypath' has subcomponents with duplicate name 'vasint-P4'. The duplicate is being renamed to 'vasint-P4_0'.
[2021-12-14 22:54:57.795] [warning] GeometryPath 'geometrypath' has subcomponents with duplicate name 'pathwrap'. The duplicate is being renamed to 'pathwrap_0'.
[2021-12-14 22:54:57.795] [warning] GeometryPath 'geometrypath' has subcomponents with duplicate name 'pathwrap'. The duplicate is being renamed to 'pathwrap_0'.
[2021-12-14 22:54:57.795] [warning] GeometryPath 'geometrypath' has subcomponents with duplicate name 'default'. The duplicate is being renamed to 'default_0'.
[2021-12-14 22:54:57.795] [warning] GeometryPath 'geometrypath' has subcomponents with duplicate name 'pathwrap'. The duplicate is being renamed to 'pathwrap_0'.
[2021-12-14 22:54:57.795] [info] ComponentSet 'MiscComponents' was renamed and is being reset to 'componentset'.
[2021-12-14 22:56:48.561] [info] Updating Model file from 30000 to latest format...
[2021-12-14 22:56:48.562] [warning] Model name 'JW All Body-scaled' contains whitespace.
[2021-12-14 22:56:48.562] [warning] It was renamed to 'JWAllBody-scaled'.
[2021-12-14 22:56:48.624] [info] Loaded model JWAllBody-scaled from file C:\Gil\MeshesInAD\gaitWithKneeProsthesis\ScaledModel\SubjectSpecific\JW All Body Model-scaled_forvisualization.osim
[2021-12-14 22:56:48.634] [info] ControllerSet 'Controllers' was renamed and is being reset to 'controllerset'.
[2021-12-14 22:56:48.635] [warning] ConstraintSet 'constraintset' has subcomponents with duplicate name 'constantdistanceconstraint'. The duplicate is being renamed to 'constantdistanceconstraint_0'.
[2021-12-14 22:56:48.635] [warning] GeometryPath 'geometrypath' has subcomponents with duplicate name 'pathwrap'. The duplicate is being renamed to 'pathwrap_0'.
[2021-12-14 22:56:48.635] [warning] GeometryPath 'geometrypath' has subcomponents with duplicate name 'pathwrap'. The duplicate is being renamed to 'pathwrap_0'.
[2021-12-14 22:56:48.635] [warning] GeometryPath 'geometrypath' has subcomponents with duplicate name 'pathwrap'. The duplicate is being renamed to 'pathwrap_0'.
[2021-12-14 22:56:48.635] [warning] GeometryPath 'geometrypath' has subcomponents with duplicate name 'pathwrap'. The duplicate is being renamed to 'pathwrap_0'.
[2021-12-14 22:56:48.635] [warning] GeometryPath 'geometrypath' has subcomponents with duplicate name 'pathwrap'. The duplicate is being renamed to 'pathwrap_0'.
[2021-12-14 22:56:48.635] [warning] GeometryPath 'geometrypath' has subcomponents with duplicate name 'default'. The duplicate is being renamed to 'default_0'.
[2021-12-14 22:56:48.635] [warning] GeometryPath 'geometrypath' has subcomponents with duplicate name 'pathwrap'. The duplicate is being renamed to 'pathwrap_0'.
[2021-12-14 22:56:48.635] [warning] GeometryPath 'geometrypath' has subcomponents with duplicate name 'pathwrap'. The duplicate is being renamed to 'pathwrap_1'.
[2021-12-14 22:56:48.636] [warning] GeometryPath 'geometrypath' has subcomponents with duplicate name 'vasint-P4'. The duplicate is being renamed to 'vasint-P4_0'.
[2021-12-14 22:56:48.636] [warning] GeometryPath 'geometrypath' has subcomponents with duplicate name 'pathwrap'. The duplicate is being renamed to 'pathwrap_0'.
[2021-12-14 22:56:48.636] [warning] GeometryPath 'geometrypath' has subcomponents with duplicate name 'pathwrap'. The duplicate is being renamed to 'pathwrap_0'.
[2021-12-14 22:56:48.636] [warning] GeometryPath 'geometrypath' has subcomponents with duplicate name 'default'. The duplicate is being renamed to 'default_0'.
[2021-12-14 22:56:48.636] [warning] GeometryPath 'geometrypath' has subcomponents with duplicate name 'pathwrap'. The duplicate is being renamed to 'pathwrap_0'.
[2021-12-14 22:56:48.636] [info] ComponentSet 'MiscComponents' was renamed and is being reset to 'componentset'.
[2021-12-14 22:57:44.378] [info] Updating Model file from 30000 to latest format...
[2021-12-14 22:57:44.379] [warning] Model name '3D Gait Model with Simple Arms' contains whitespace.
[2021-12-14 22:57:44.379] [warning] It was renamed to '3DGaitModelwithSimpleArms'.
[2021-12-14 22:57:44.455] [info] Loaded model 3DGaitModelwithSimpleArms from file C:\Gil\MeshesInAD\gaitWithKneeProsthesis\ScaledModel\FullBodyModel_SimpleArms_Hamner2010_Markers_v3_3.osim
[2021-12-14 23:02:16.824] [info] Updating Model file from 30000 to latest format...
[2021-12-14 23:02:16.826] [warning] Model name 'JW All Body-scaled' contains whitespace.
[2021-12-14 23:02:16.826] [warning] It was renamed to 'JWAllBody-scaled'.
[2021-12-14 23:02:16.923] [info] Loaded model JWAllBody-scaled from file C:\Gil\MeshesInAD\gaitWithKneeProsthesis\ScaledModel\SubjectSpecific\JW All Body Model-scaled_forvisualization_leftright.osim
[2021-12-14 23:02:16.933] [info] ControllerSet 'Controllers' was renamed and is being reset to 'controllerset'.
[2021-12-14 23:02:16.933] [warning] ConstraintSet 'constraintset' has subcomponents with duplicate name 'constantdistanceconstraint'. The duplicate is being renamed to 'constantdistanceconstraint_0'.
[2021-12-14 23:02:16.934] [warning] GeometryPath 'geometrypath' has subcomponents with duplicate name 'pathwrap'. The duplicate is being renamed to 'pathwrap_0'.
[2021-12-14 23:02:16.934] [warning] GeometryPath 'geometrypath' has subcomponents with duplicate name 'pathwrap'. The duplicate is being renamed to 'pathwrap_0'.
[2021-12-14 23:02:16.934] [warning] GeometryPath 'geometrypath' has subcomponents with duplicate name 'pathwrap'. The duplicate is being renamed to 'pathwrap_0'.
[2021-12-14 23:02:16.934] [warning] GeometryPath 'geometrypath' has subcomponents with duplicate name 'pathwrap'. The duplicate is being renamed to 'pathwrap_0'.
[2021-12-14 23:02:16.935] [warning] GeometryPath 'geometrypath' has subcomponents with duplicate name 'pathwrap'. The duplicate is being renamed to 'pathwrap_0'.
[2021-12-14 23:02:16.935] [warning] GeometryPath 'geometrypath' has subcomponents with duplicate name 'default'. The duplicate is being renamed to 'default_0'.
[2021-12-14 23:02:16.935] [warning] GeometryPath 'geometrypath' has subcomponents with duplicate name 'pathwrap'. The duplicate is being renamed to 'pathwrap_0'.
[2021-12-14 23:02:16.935] [warning] GeometryPath 'geometrypath' has subcomponents with duplicate name 'pathwrap'. The duplicate is being renamed to 'pathwrap_1'.
[2021-12-14 23:02:16.936] [warning] GeometryPath 'geometrypath' has subcomponents with duplicate name 'vasint-P4'. The duplicate is being renamed to 'vasint-P4_0'.
[2021-12-14 23:02:16.936] [warning] GeometryPath 'geometrypath' has subcomponents with duplicate name 'pathwrap'. The duplicate is being renamed to 'pathwrap_0'.
[2021-12-14 23:02:16.936] [warning] GeometryPath 'geometrypath' has subcomponents with duplicate name 'pathwrap'. The duplicate is being renamed to 'pathwrap_0'.
[2021-12-14 23:02:16.936] [warning] GeometryPath 'geometrypath' has subcomponents with duplicate name 'default'. The duplicate is being renamed to 'default_0'.
[2021-12-14 23:02:16.936] [warning] GeometryPath 'geometrypath' has subcomponents with duplicate name 'pathwrap'. The duplicate is being renamed to 'pathwrap_0'.
[2021-12-14 23:02:16.938] [warning] ForceSet 'forceset' has subcomponents with duplicate name 'ercspn_r'. The duplicate is being renamed to 'ercspn_r_0'.
[2021-12-14 23:02:16.938] [warning] ForceSet 'forceset' has subcomponents with duplicate name 'ercspn_l'. The duplicate is being renamed to 'ercspn_l_0'.
[2021-12-14 23:02:16.938] [warning] ForceSet 'forceset' has subcomponents with duplicate name 'intobl_r'. The duplicate is being renamed to 'intobl_r_0'.
[2021-12-14 23:02:16.938] [warning] ForceSet 'forceset' has subcomponents with duplicate name 'intobl_l'. The duplicate is being renamed to 'intobl_l_0'.
[2021-12-14 23:02:16.938] [warning] ForceSet 'forceset' has subcomponents with duplicate name 'extobl_r'. The duplicate is being renamed to 'extobl_r_0'.
[2021-12-14 23:02:16.938] [warning] ForceSet 'forceset' has subcomponents with duplicate name 'extobl_l'. The duplicate is being renamed to 'extobl_l_0'.
[2021-12-14 23:02:16.939] [info] ComponentSet 'MiscComponents' was renamed and is being reset to 'componentset'.
[2021-12-14 23:02:42.441] [info] Updating Model file from 30000 to latest format...
[2021-12-14 23:02:42.442] [warning] Model name 'JW All Body-scaled' contains whitespace.
[2021-12-14 23:02:42.442] [warning] It was renamed to 'JWAllBody-scaled'.
[2021-12-14 23:02:42.546] [info] Loaded model JWAllBody-scaled from file C:\Gil\MeshesInAD\gaitWithKneeProsthesis\ScaledModel\SubjectSpecific\JW All Body Model-scaled_forvisualization_leftright.osim
[2021-12-14 23:02:42.556] [info] ControllerSet 'Controllers' was renamed and is being reset to 'controllerset'.
[2021-12-14 23:02:42.556] [warning] ConstraintSet 'constraintset' has subcomponents with duplicate name 'constantdistanceconstraint'. The duplicate is being renamed to 'constantdistanceconstraint_0'.
[2021-12-14 23:02:42.556] [warning] GeometryPath 'geometrypath' has subcomponents with duplicate name 'pathwrap'. The duplicate is being renamed to 'pathwrap_0'.
[2021-12-14 23:02:42.556] [warning] GeometryPath 'geometrypath' has subcomponents with duplicate name 'pathwrap'. The duplicate is being renamed to 'pathwrap_0'.
[2021-12-14 23:02:42.557] [warning] GeometryPath 'geometrypath' has subcomponents with duplicate name 'pathwrap'. The duplicate is being renamed to 'pathwrap_0'.
[2021-12-14 23:02:42.557] [warning] GeometryPath 'geometrypath' has subcomponents with duplicate name 'pathwrap'. The duplicate is being renamed to 'pathwrap_0'.
[2021-12-14 23:02:42.557] [warning] GeometryPath 'geometrypath' has subcomponents with duplicate name 'pathwrap'. The duplicate is being renamed to 'pathwrap_0'.
[2021-12-14 23:02:42.557] [warning] GeometryPath 'geometrypath' has subcomponents with duplicate name 'default'. The duplicate is being renamed to 'default_0'.
[2021-12-14 23:02:42.557] [warning] GeometryPath 'geometrypath' has subcomponents with duplicate name 'pathwrap'. The duplicate is being renamed to 'pathwrap_0'.
[2021-12-14 23:02:42.557] [warning] GeometryPath 'geometrypath' has subcomponents with duplicate name 'pathwrap'. The duplicate is being renamed to 'pathwrap_1'.
[2021-12-14 23:02:42.557] [warning] GeometryPath 'geometrypath' has subcomponents with duplicate name 'vasint-P4'. The duplicate is being renamed to 'vasint-P4_0'.
[2021-12-14 23:02:42.557] [warning] GeometryPath 'geometrypath' has subcomponents with duplicate name 'pathwrap'. The duplicate is being renamed to 'pathwrap_0'.
[2021-12-14 23:02:42.557] [warning] GeometryPath 'geometrypath' has subcomponents with duplicate name 'pathwrap'. The duplicate is being renamed to 'pathwrap_0'.
[2021-12-14 23:02:42.557] [warning] GeometryPath 'geometrypath' has subcomponents with duplicate name 'default'. The duplicate is being renamed to 'default_0'.
[2021-12-14 23:02:42.557] [warning] GeometryPath 'geometrypath' has subcomponents with duplicate name 'pathwrap'. The duplicate is being renamed to 'pathwrap_0'.
[2021-12-14 23:02:42.559] [warning] ForceSet 'forceset' has subcomponents with duplicate name 'ercspn_r'. The duplicate is being renamed to 'ercspn_r_0'.
[2021-12-14 23:02:42.559] [warning] ForceSet 'forceset' has subcomponents with duplicate name 'ercspn_l'. The duplicate is being renamed to 'ercspn_l_0'.
[2021-12-14 23:02:42.559] [warning] ForceSet 'forceset' has subcomponents with duplicate name 'intobl_r'. The duplicate is being renamed to 'intobl_r_0'.
[2021-12-14 23:02:42.559] [warning] ForceSet 'forceset' has subcomponents with duplicate name 'intobl_l'. The duplicate is being renamed to 'intobl_l_0'.
[2021-12-14 23:02:42.559] [warning] ForceSet 'forceset' has subcomponents with duplicate name 'extobl_r'. The duplicate is being renamed to 'extobl_r_0'.
[2021-12-14 23:02:42.559] [warning] ForceSet 'forceset' has subcomponents with duplicate name 'extobl_l'. The duplicate is being renamed to 'extobl_l_0'.
[2021-12-14 23:02:42.559] [info] ComponentSet 'MiscComponents' was renamed and is being reset to 'componentset'.
[2021-12-14 23:04:11.874] [info] Updating Model file from 30000 to latest format...
[2021-12-14 23:04:11.876] [warning] Model name 'JW All Body-scaled' contains whitespace.
[2021-12-14 23:04:11.876] [warning] It was renamed to 'JWAllBody-scaled'.
[2021-12-14 23:04:11.960] [info] Loaded model JWAllBody-scaled from file C:\Gil\MeshesInAD\gaitWithKneeProsthesis\ScaledModel\SubjectSpecific\JW All Body Model-scaled_forvisualization_leftright.osim
[2021-12-14 23:04:11.970] [info] ControllerSet 'Controllers' was renamed and is being reset to 'controllerset'.
[2021-12-14 23:04:11.970] [warning] ConstraintSet 'constraintset' has subcomponents with duplicate name 'constantdistanceconstraint'. The duplicate is being renamed to 'constantdistanceconstraint_0'.
[2021-12-14 23:04:11.971] [warning] GeometryPath 'geometrypath' has subcomponents with duplicate name 'pathwrap'. The duplicate is being renamed to 'pathwrap_0'.
[2021-12-14 23:04:11.971] [warning] GeometryPath 'geometrypath' has subcomponents with duplicate name 'pathwrap'. The duplicate is being renamed to 'pathwrap_0'.
[2021-12-14 23:04:11.972] [warning] GeometryPath 'geometrypath' has subcomponents with duplicate name 'pathwrap'. The duplicate is being renamed to 'pathwrap_0'.
[2021-12-14 23:04:11.972] [warning] GeometryPath 'geometrypath' has subcomponents with duplicate name 'pathwrap'. The duplicate is being renamed to 'pathwrap_0'.
[2021-12-14 23:04:11.972] [warning] GeometryPath 'geometrypath' has subcomponents with duplicate name 'pathwrap'. The duplicate is being renamed to 'pathwrap_0'.
[2021-12-14 23:04:11.972] [warning] GeometryPath 'geometrypath' has subcomponents with duplicate name 'default'. The duplicate is being renamed to 'default_0'.
[2021-12-14 23:04:11.972] [warning] GeometryPath 'geometrypath' has subcomponents with duplicate name 'pathwrap'. The duplicate is being renamed to 'pathwrap_0'.
[2021-12-14 23:04:11.972] [warning] GeometryPath 'geometrypath' has subcomponents with duplicate name 'pathwrap'. The duplicate is being renamed to 'pathwrap_1'.
[2021-12-14 23:04:11.972] [warning] GeometryPath 'geometrypath' has subcomponents with duplicate name 'vasint-P4'. The duplicate is being renamed to 'vasint-P4_0'.
[2021-12-14 23:04:11.972] [warning] GeometryPath 'geometrypath' has subcomponents with duplicate name 'pathwrap'. The duplicate is being renamed to 'pathwrap_0'.
[2021-12-14 23:04:11.973] [warning] GeometryPath 'geometrypath' has subcomponents with duplicate name 'pathwrap'. The duplicate is being renamed to 'pathwrap_0'.
[2021-12-14 23:04:11.973] [warning] GeometryPath 'geometrypath' has subcomponents with duplicate name 'default'. The duplicate is being renamed to 'default_0'.
[2021-12-14 23:04:11.973] [warning] GeometryPath 'geometrypath' has subcomponents with duplicate name 'pathwrap'. The duplicate is being renamed to 'pathwrap_0'.
[2021-12-14 23:04:11.974] [warning] ForceSet 'forceset' has subcomponents with duplicate name 'ercspn_r'. The duplicate is being renamed to 'ercspn_r_0'.
[2021-12-14 23:04:11.975] [warning] ForceSet 'forceset' has subcomponents with duplicate name 'ercspn_l'. The duplicate is being renamed to 'ercspn_l_0'.
[2021-12-14 23:04:11.975] [warning] ForceSet 'forceset' has subcomponents with duplicate name 'intobl_r'. The duplicate is being renamed to 'intobl_r_0'.
[2021-12-14 23:04:11.975] [warning] ForceSet 'forceset' has subcomponents with duplicate name 'intobl_l'. The duplicate is being renamed to 'intobl_l_0'.
[2021-12-14 23:04:11.975] [warning] ForceSet 'forceset' has subcomponents with duplicate name 'extobl_r'. The duplicate is being renamed to 'extobl_r_0'.
[2021-12-14 23:04:11.975] [warning] ForceSet 'forceset' has subcomponents with duplicate name 'extobl_l'. The duplicate is being renamed to 'extobl_l_0'.
[2021-12-14 23:04:11.975] [info] ComponentSet 'MiscComponents' was renamed and is being reset to 'componentset'.
[2021-12-14 23:05:36.597] [info] Updating Model file from 30000 to latest format...
[2021-12-14 23:05:36.598] [warning] Model name 'JW All Body-scaled' contains whitespace.
[2021-12-14 23:05:36.598] [warning] It was renamed to 'JWAllBody-scaled'.
[2021-12-14 23:05:36.683] [info] Loaded model JWAllBody-scaled from file C:\Gil\MeshesInAD\gaitWithKneeProsthesis\ScaledModel\SubjectSpecific\JW All Body Model-scaled_forvisualization_leftright.osim
[2021-12-14 23:05:36.693] [info] ControllerSet 'Controllers' was renamed and is being reset to 'controllerset'.
[2021-12-14 23:05:36.693] [warning] ConstraintSet 'constraintset' has subcomponents with duplicate name 'constantdistanceconstraint'. The duplicate is being renamed to 'constantdistanceconstraint_0'.
[2021-12-14 23:05:36.693] [warning] GeometryPath 'geometrypath' has subcomponents with duplicate name 'pathwrap'. The duplicate is being renamed to 'pathwrap_0'.
[2021-12-14 23:05:36.693] [warning] GeometryPath 'geometrypath' has subcomponents with duplicate name 'pathwrap'. The duplicate is being renamed to 'pathwrap_0'.
[2021-12-14 23:05:36.693] [warning] GeometryPath 'geometrypath' has subcomponents with duplicate name 'pathwrap'. The duplicate is being renamed to 'pathwrap_0'.
[2021-12-14 23:05:36.693] [warning] GeometryPath 'geometrypath' has subcomponents with duplicate name 'pathwrap'. The duplicate is being renamed to 'pathwrap_0'.
[2021-12-14 23:05:36.694] [warning] GeometryPath 'geometrypath' has subcomponents with duplicate name 'pathwrap'. The duplicate is being renamed to 'pathwrap_0'.
[2021-12-14 23:05:36.694] [warning] GeometryPath 'geometrypath' has subcomponents with duplicate name 'default'. The duplicate is being renamed to 'default_0'.
[2021-12-14 23:05:36.694] [warning] GeometryPath 'geometrypath' has subcomponents with duplicate name 'pathwrap'. The duplicate is being renamed to 'pathwrap_0'.
[2021-12-14 23:05:36.694] [warning] GeometryPath 'geometrypath' has subcomponents with duplicate name 'pathwrap'. The duplicate is being renamed to 'pathwrap_1'.
[2021-12-14 23:05:36.694] [warning] GeometryPath 'geometrypath' has subcomponents with duplicate name 'vasint-P4'. The duplicate is being renamed to 'vasint-P4_0'.
[2021-12-14 23:05:36.694] [warning] GeometryPath 'geometrypath' has subcomponents with duplicate name 'pathwrap'. The duplicate is being renamed to 'pathwrap_0'.
[2021-12-14 23:05:36.694] [warning] GeometryPath 'geometrypath' has subcomponents with duplicate name 'pathwrap'. The duplicate is being renamed to 'pathwrap_0'.
[2021-12-14 23:05:36.694] [warning] GeometryPath 'geometrypath' has subcomponents with duplicate name 'default'. The duplicate is being renamed to 'default_0'.
[2021-12-14 23:05:36.694] [warning] GeometryPath 'geometrypath' has subcomponents with duplicate name 'pathwrap'. The duplicate is being renamed to 'pathwrap_0'.
[2021-12-14 23:05:36.695] [warning] ForceSet 'forceset' has subcomponents with duplicate name 'ercspn_r'. The duplicate is being renamed to 'ercspn_r_0'.
[2021-12-14 23:05:36.695] [warning] ForceSet 'forceset' has subcomponents with duplicate name 'ercspn_l'. The duplicate is being renamed to 'ercspn_l_0'.
[2021-12-14 23:05:36.695] [warning] ForceSet 'forceset' has subcomponents with duplicate name 'intobl_r'. The duplicate is being renamed to 'intobl_r_0'.
[2021-12-14 23:05:36.695] [warning] ForceSet 'forceset' has subcomponents with duplicate name 'intobl_l'. The duplicate is being renamed to 'intobl_l_0'.
[2021-12-14 23:05:36.695] [warning] ForceSet 'forceset' has subcomponents with duplicate name 'extobl_r'. The duplicate is being renamed to 'extobl_r_0'.
[2021-12-14 23:05:36.695] [warning] ForceSet 'forceset' has subcomponents with duplicate name 'extobl_l'. The duplicate is being renamed to 'extobl_l_0'.
[2021-12-14 23:05:36.696] [info] ComponentSet 'MiscComponents' was renamed and is being reset to 'componentset'.
[2021-12-14 23:10:35.937] [info] Storage: read data file = C:\Gil\MeshesInAD\gaitWithKneeProsthesis\ScaledModel\SubjectSpecific\jw_ngait_og1.mot (nr=327 nc=60)
[2021-12-14 23:10:36.044] [warning] Coordinate.setValue:  coordinate knee_adduction is locked. Unable to change its value.
[2021-12-14 23:10:36.044] [warning] Coordinate.setValue:  coordinate knee_rotation is locked. Unable to change its value.
[2021-12-14 23:10:36.044] [warning] Coordinate.setValue:  coordinate knee_tx is locked. Unable to change its value.
[2021-12-14 23:10:36.044] [warning] Coordinate.setValue:  coordinate knee_ty is locked. Unable to change its value.
[2021-12-14 23:10:36.044] [warning] Coordinate.setValue:  coordinate knee_tz is locked. Unable to change its value.
[2021-12-14 23:10:36.044] [warning] Coordinate.setValue:  coordinate patfem_adduction is locked. Unable to change its value.
[2021-12-14 23:10:36.044] [warning] Coordinate.setValue:  coordinate patfem_rotation is locked. Unable to change its value.
[2021-12-14 23:10:36.044] [warning] Coordinate.setValue:  coordinate patfem_tx is locked. Unable to change its value.
[2021-12-14 23:10:36.044] [warning] Coordinate.setValue:  coordinate patfem_ty is locked. Unable to change its value.
[2021-12-14 23:10:36.044] [warning] Coordinate.setValue:  coordinate patfem_tz is locked. Unable to change its value.
[2021-12-14 23:10:36.044] [warning] Coordinate.setValue:  coordinate mtp_angle is locked. Unable to change its value.
[2021-12-14 23:10:36.044] [warning] Coordinate.setValue:  coordinate knee_adduction_l is locked. Unable to change its value.
[2021-12-14 23:10:36.044] [warning] Coordinate.setValue:  coordinate knee_rotation_l is locked. Unable to change its value.
[2021-12-14 23:10:36.044] [warning] Coordinate.setValue:  coordinate knee_tx_l is locked. Unable to change its value.
[2021-12-14 23:10:36.044] [warning] Coordinate.setValue:  coordinate knee_ty_l is locked. Unable to change its value.
[2021-12-14 23:10:36.044] [warning] Coordinate.setValue:  coordinate knee_tz_l is locked. Unable to change its value.
[2021-12-14 23:10:36.044] [warning] Coordinate.setValue:  coordinate patfem_adduction_l is locked. Unable to change its value.
[2021-12-14 23:10:36.044] [warning] Coordinate.setValue:  coordinate patfem_rotation_l is locked. Unable to change its value.
[2021-12-14 23:10:36.044] [warning] Coordinate.setValue:  coordinate patfem_tx_l is locked. Unable to change its value.
[2021-12-14 23:10:36.044] [warning] Coordinate.setValue:  coordinate patfem_ty_l is locked. Unable to change its value.
[2021-12-14 23:10:36.044] [warning] Coordinate.setValue:  coordinate patfem_tz_l is locked. Unable to change its value.
[2021-12-14 23:10:36.044] [warning] Coordinate.setValue:  coordinate mtp_angle_l is locked. Unable to change its value.
[2021-12-14 23:10:36.045] [warning] Coordinate.setValue:  coordinate pro_sup_r is locked. Unable to change its value.
[2021-12-14 23:10:36.045] [warning] Coordinate.setValue:  coordinate pro_sup_l is locked. Unable to change its value.
[2023-03-10 14:00:29.280] [info] Updating Model file from 30000 to latest format...
[2023-03-10 14:00:29.286] [warning] Model name 'JW All Body-scaled' contains whitespace.
[2023-03-10 14:00:29.286] [warning] It was renamed to 'JWAllBody-scaled'.
[2023-03-10 14:00:29.343] [info] Loaded model JWAllBody-scaled from file C:\Gil\MeshesInAD\gaitWithKneeProsthesis\trackingSimulations_3D\OpenSimModel\subject_GC\JW All Body Model-scaled.osim
[2023-03-10 14:00:29.346] [warning] Couldn't find file 'femur.vtp'.
[2023-03-10 14:00:29.347] [warning] Couldn't find file 'femoral_component.vtp'.
[2023-03-10 14:00:29.348] [warning] Couldn't find file 'tibial_tray.vtp'.
[2023-03-10 14:00:29.348] [warning] Couldn't find file 'tibia.vtp'.
[2023-03-10 14:00:29.393] [info] ControllerSet 'Controllers' was renamed and is being reset to 'controllerset'.
[2023-03-10 14:00:29.393] [warning] ConstraintSet 'constraintset' has subcomponents with duplicate name 'constantdistanceconstraint'. The duplicate is being renamed to 'constantdistanceconstraint_0'.
[2023-03-10 14:00:29.393] [warning] GeometryPath 'geometrypath' has subcomponents with duplicate name 'pathwrap'. The duplicate is being renamed to 'pathwrap_0'.
[2023-03-10 14:00:29.393] [warning] GeometryPath 'geometrypath' has subcomponents with duplicate name 'pathwrap'. The duplicate is being renamed to 'pathwrap_0'.
[2023-03-10 14:00:29.393] [warning] GeometryPath 'geometrypath' has subcomponents with duplicate name 'pathwrap'. The duplicate is being renamed to 'pathwrap_0'.
[2023-03-10 14:00:29.393] [warning] GeometryPath 'geometrypath' has subcomponents with duplicate name 'pathwrap'. The duplicate is being renamed to 'pathwrap_0'.
[2023-03-10 14:00:29.394] [warning] GeometryPath 'geometrypath' has subcomponents with duplicate name 'pathwrap'. The duplicate is being renamed to 'pathwrap_0'.
[2023-03-10 14:00:29.394] [warning] GeometryPath 'geometrypath' has subcomponents with duplicate name 'default'. The duplicate is being renamed to 'default_0'.
[2023-03-10 14:00:29.394] [warning] GeometryPath 'geometrypath' has subcomponents with duplicate name 'pathwrap'. The duplicate is being renamed to 'pathwrap_0'.
[2023-03-10 14:00:29.394] [warning] GeometryPath 'geometrypath' has subcomponents with duplicate name 'pathwrap'. The duplicate is being renamed to 'pathwrap_1'.
[2023-03-10 14:00:29.394] [warning] GeometryPath 'geometrypath' has subcomponents with duplicate name 'vasint-P4'. The duplicate is being renamed to 'vasint-P4_0'.
[2023-03-10 14:00:29.394] [warning] GeometryPath 'geometrypath' has subcomponents with duplicate name 'pathwrap'. The duplicate is being renamed to 'pathwrap_0'.
[2023-03-10 14:00:29.394] [warning] GeometryPath 'geometrypath' has subcomponents with duplicate name 'pathwrap'. The duplicate is being renamed to 'pathwrap_0'.
[2023-03-10 14:00:29.394] [warning] GeometryPath 'geometrypath' has subcomponents with duplicate name 'default'. The duplicate is being renamed to 'default_0'.
[2023-03-10 14:00:29.394] [warning] GeometryPath 'geometrypath' has subcomponents with duplicate name 'pathwrap'. The duplicate is being renamed to 'pathwrap_0'.
[2023-03-10 14:00:29.394] [info] ComponentSet 'MiscComponents' was renamed and is being reset to 'componentset'.
[2023-03-10 14:02:35.244] [info] Loaded model JWAllBody-scaled from file C:\Gil\MeshesInAD\gaitWithKneeProsthesis\ScaledModel\SubjectSpecific\JW All Body Model-scaled_forvisualization_leftright_v42.osim
[2023-03-10 14:03:42.645] [info] Storage: read data file = C:\Gil\MeshesInAD\gaitWithKneeProsthesis\ScaledModel\SubjectSpecific\jw_ngait_og1.mot (nr=327 nc=60)
[2023-03-10 14:04:11.329] [info] Loading coordinates from file 'C:\Gil\MeshesInAD\gaitWithKneeProsthesis\ScaledModel\SubjectSpecific\jw_ngait_og1.mot'.
[2023-03-10 14:04:11.329] [info] Storage: read data file = C:\Gil\MeshesInAD\gaitWithKneeProsthesis\ScaledModel\SubjectSpecific\jw_ngait_og1.mot (nr=327 nc=60)
[2023-03-10 14:04:11.527] [warning] Coordinate.setValue:  coordinate knee_adduction is locked. Unable to change its value.
[2023-03-10 14:04:11.527] [warning] Coordinate.setValue:  coordinate knee_rotation is locked. Unable to change its value.
[2023-03-10 14:04:11.527] [warning] Coordinate.setValue:  coordinate knee_tx is locked. Unable to change its value.
[2023-03-10 14:04:11.527] [warning] Coordinate.setValue:  coordinate knee_ty is locked. Unable to change its value.
[2023-03-10 14:04:11.527] [warning] Coordinate.setValue:  coordinate knee_tz is locked. Unable to change its value.
[2023-03-10 14:04:11.527] [warning] Coordinate.setValue:  coordinate patfem_adduction is locked. Unable to change its value.
[2023-03-10 14:04:11.527] [warning] Coordinate.setValue:  coordinate patfem_rotation is locked. Unable to change its value.
[2023-03-10 14:04:11.527] [warning] Coordinate.setValue:  coordinate patfem_tx is locked. Unable to change its value.
[2023-03-10 14:04:11.527] [warning] Coordinate.setValue:  coordinate patfem_ty is locked. Unable to change its value.
[2023-03-10 14:04:11.527] [warning] Coordinate.setValue:  coordinate patfem_tz is locked. Unable to change its value.
[2023-03-10 14:04:11.528] [warning] Coordinate.setValue:  coordinate mtp_angle is locked. Unable to change its value.
[2023-03-10 14:04:11.528] [warning] Coordinate.setValue:  coordinate knee_adduction_l is locked. Unable to change its value.
[2023-03-10 14:04:11.528] [warning] Coordinate.setValue:  coordinate knee_rotation_l is locked. Unable to change its value.
[2023-03-10 14:04:11.528] [warning] Coordinate.setValue:  coordinate knee_tx_l is locked. Unable to change its value.
[2023-03-10 14:04:11.528] [warning] Coordinate.setValue:  coordinate knee_ty_l is locked. Unable to change its value.
[2023-03-10 14:04:11.528] [warning] Coordinate.setValue:  coordinate knee_tz_l is locked. Unable to change its value.
[2023-03-10 14:04:11.528] [warning] Coordinate.setValue:  coordinate patfem_adduction_l is locked. Unable to change its value.
[2023-03-10 14:04:11.528] [warning] Coordinate.setValue:  coordinate patfem_rotation_l is locked. Unable to change its value.
[2023-03-10 14:04:11.528] [warning] Coordinate.setValue:  coordinate patfem_tx_l is locked. Unable to change its value.
[2023-03-10 14:04:11.528] [warning] Coordinate.setValue:  coordinate patfem_ty_l is locked. Unable to change its value.
[2023-03-10 14:04:11.528] [warning] Coordinate.setValue:  coordinate patfem_tz_l is locked. Unable to change its value.
[2023-03-10 14:04:11.528] [warning] Coordinate.setValue:  coordinate mtp_angle_l is locked. Unable to change its value.
[2023-03-10 14:04:11.528] [warning] Coordinate.setValue:  coordinate pro_sup_r is locked. Unable to change its value.
[2023-03-10 14:04:11.528] [warning] Coordinate.setValue:  coordinate pro_sup_l is locked. Unable to change its value.
[2023-03-10 14:04:14.608] [info] Found 327 state vectors with time stamps ranging from 0.948333 to 3.665.
[2023-03-10 14:04:14.682] [info] No external loads will be applied (external loads file not specified).
[2023-03-10 14:04:14.744] [info] Executing the analyses from 0.948333 to 3.665...
[2023-03-10 14:04:14.792] [warning] MuscleAnalysis: coordinate knee_adduction is locked and can't be varied.
[2023-03-10 14:04:14.792] [warning] MuscleAnalysis: coordinate knee_rotation is locked and can't be varied.
[2023-03-10 14:04:14.792] [warning] MuscleAnalysis: coordinate knee_tx is locked and can't be varied.
[2023-03-10 14:04:14.792] [warning] MuscleAnalysis: coordinate knee_ty is locked and can't be varied.
[2023-03-10 14:04:14.792] [warning] MuscleAnalysis: coordinate knee_tz is locked and can't be varied.
[2023-03-10 14:04:14.792] [warning] MuscleAnalysis: coordinate patfem_adduction is locked and can't be varied.
[2023-03-10 14:04:14.793] [warning] MuscleAnalysis: coordinate patfem_rotation is locked and can't be varied.
[2023-03-10 14:04:14.793] [warning] MuscleAnalysis: coordinate patfem_tx is locked and can't be varied.
[2023-03-10 14:04:14.793] [warning] MuscleAnalysis: coordinate patfem_ty is locked and can't be varied.
[2023-03-10 14:04:14.793] [warning] MuscleAnalysis: coordinate patfem_tz is locked and can't be varied.
[2023-03-10 14:04:14.793] [warning] MuscleAnalysis: coordinate mtp_angle is locked and can't be varied.
[2023-03-10 14:04:14.793] [warning] MuscleAnalysis: coordinate knee_adduction_l is locked and can't be varied.
[2023-03-10 14:04:14.793] [warning] MuscleAnalysis: coordinate knee_rotation_l is locked and can't be varied.
[2023-03-10 14:04:14.793] [warning] MuscleAnalysis: coordinate knee_tx_l is locked and can't be varied.
[2023-03-10 14:04:14.793] [warning] MuscleAnalysis: coordinate knee_ty_l is locked and can't be varied.
[2023-03-10 14:04:14.793] [warning] MuscleAnalysis: coordinate knee_tz_l is locked and can't be varied.
[2023-03-10 14:04:14.793] [warning] MuscleAnalysis: coordinate patfem_adduction_l is locked and can't be varied.
[2023-03-10 14:04:14.793] [warning] MuscleAnalysis: coordinate patfem_rotation_l is locked and can't be varied.
[2023-03-10 14:04:14.793] [warning] MuscleAnalysis: coordinate patfem_tx_l is locked and can't be varied.
[2023-03-10 14:04:14.793] [warning] MuscleAnalysis: coordinate patfem_ty_l is locked and can't be varied.
[2023-03-10 14:04:14.793] [warning] MuscleAnalysis: coordinate patfem_tz_l is locked and can't be varied.
[2023-03-10 14:04:14.793] [warning] MuscleAnalysis: coordinate mtp_angle_l is locked and can't be varied.
[2023-03-10 14:04:14.793] [warning] MuscleAnalysis: coordinate pro_sup_r is locked and can't be varied.
[2023-03-10 14:04:14.793] [warning] MuscleAnalysis: coordinate wrist_flex_r is locked and can't be varied.
[2023-03-10 14:04:14.793] [warning] MuscleAnalysis: coordinate wrist_dev_r is locked and can't be varied.
[2023-03-10 14:04:14.793] [warning] MuscleAnalysis: coordinate pro_sup_l is locked and can't be varied.
[2023-03-10 14:04:14.793] [warning] MuscleAnalysis: coordinate wrist_flex_l is locked and can't be varied.
[2023-03-10 14:04:14.793] [warning] MuscleAnalysis: coordinate wrist_dev_l is locked and can't be varied.
[2023-03-10 14:05:01.822] [info] Storage: read data file = C:\Gil\MeshesInAD\gaitWithKneeProsthesis\ScaledModel\SubjectSpecific\jw_ngait_og1.mot (nr=327 nc=60)
[2023-03-10 14:05:16.545] [info] Loading coordinates from file 'C:\Gil\MeshesInAD\gaitWithKneeProsthesis\ScaledModel\SubjectSpecific\jw_ngait_og1.mot'.
[2023-03-10 14:05:16.546] [info] Storage: read data file = C:\Gil\MeshesInAD\gaitWithKneeProsthesis\ScaledModel\SubjectSpecific\jw_ngait_og1.mot (nr=327 nc=60)
[2023-03-10 14:05:16.751] [warning] Coordinate.setValue:  coordinate patfem_adduction is locked. Unable to change its value.
[2023-03-10 14:05:16.751] [warning] Coordinate.setValue:  coordinate patfem_rotation is locked. Unable to change its value.
[2023-03-10 14:05:16.751] [warning] Coordinate.setValue:  coordinate patfem_tx is locked. Unable to change its value.
[2023-03-10 14:05:16.751] [warning] Coordinate.setValue:  coordinate patfem_ty is locked. Unable to change its value.
[2023-03-10 14:05:16.751] [warning] Coordinate.setValue:  coordinate patfem_tz is locked. Unable to change its value.
[2023-03-10 14:05:16.751] [warning] Coordinate.setValue:  coordinate mtp_angle is locked. Unable to change its value.
[2023-03-10 14:05:16.751] [warning] Coordinate.setValue:  coordinate knee_adduction_l is locked. Unable to change its value.
[2023-03-10 14:05:16.751] [warning] Coordinate.setValue:  coordinate knee_rotation_l is locked. Unable to change its value.
[2023-03-10 14:05:16.751] [warning] Coordinate.setValue:  coordinate knee_tx_l is locked. Unable to change its value.
[2023-03-10 14:05:16.751] [warning] Coordinate.setValue:  coordinate knee_ty_l is locked. Unable to change its value.
[2023-03-10 14:05:16.751] [warning] Coordinate.setValue:  coordinate knee_tz_l is locked. Unable to change its value.
[2023-03-10 14:05:16.751] [warning] Coordinate.setValue:  coordinate patfem_adduction_l is locked. Unable to change its value.
[2023-03-10 14:05:16.751] [warning] Coordinate.setValue:  coordinate patfem_rotation_l is locked. Unable to change its value.
[2023-03-10 14:05:16.751] [warning] Coordinate.setValue:  coordinate patfem_tx_l is locked. Unable to change its value.
[2023-03-10 14:05:16.751] [warning] Coordinate.setValue:  coordinate patfem_ty_l is locked. Unable to change its value.
[2023-03-10 14:05:16.751] [warning] Coordinate.setValue:  coordinate patfem_tz_l is locked. Unable to change its value.
[2023-03-10 14:05:16.751] [warning] Coordinate.setValue:  coordinate mtp_angle_l is locked. Unable to change its value.
[2023-03-10 14:05:16.751] [warning] Coordinate.setValue:  coordinate pro_sup_r is locked. Unable to change its value.
[2023-03-10 14:05:16.751] [warning] Coordinate.setValue:  coordinate pro_sup_l is locked. Unable to change its value.
[2023-03-10 14:05:19.885] [info] Found 327 state vectors with time stamps ranging from 0.948333 to 3.665.
[2023-03-10 14:05:19.939] [info] No external loads will be applied (external loads file not specified).
[2023-03-10 14:05:19.997] [info] Executing the analyses from 0.948333 to 3.665...
[2023-03-10 14:05:20.036] [warning] MuscleAnalysis: coordinate patfem_adduction is locked and can't be varied.
[2023-03-10 14:05:20.036] [warning] MuscleAnalysis: coordinate patfem_rotation is locked and can't be varied.
[2023-03-10 14:05:20.036] [warning] MuscleAnalysis: coordinate patfem_tx is locked and can't be varied.
[2023-03-10 14:05:20.036] [warning] MuscleAnalysis: coordinate patfem_ty is locked and can't be varied.
[2023-03-10 14:05:20.036] [warning] MuscleAnalysis: coordinate patfem_tz is locked and can't be varied.
[2023-03-10 14:05:20.036] [warning] MuscleAnalysis: coordinate mtp_angle is locked and can't be varied.
[2023-03-10 14:05:20.036] [warning] MuscleAnalysis: coordinate knee_adduction_l is locked and can't be varied.
[2023-03-10 14:05:20.036] [warning] MuscleAnalysis: coordinate knee_rotation_l is locked and can't be varied.
[2023-03-10 14:05:20.036] [warning] MuscleAnalysis: coordinate knee_tx_l is locked and can't be varied.
[2023-03-10 14:05:20.036] [warning] MuscleAnalysis: coordinate knee_ty_l is locked and can't be varied.
[2023-03-10 14:05:20.036] [warning] MuscleAnalysis: coordinate knee_tz_l is locked and can't be varied.
[2023-03-10 14:05:20.036] [warning] MuscleAnalysis: coordinate patfem_adduction_l is locked and can't be varied.
[2023-03-10 14:05:20.036] [warning] MuscleAnalysis: coordinate patfem_rotation_l is locked and can't be varied.
[2023-03-10 14:05:20.036] [warning] MuscleAnalysis: coordinate patfem_tx_l is locked and can't be varied.
[2023-03-10 14:05:20.036] [warning] MuscleAnalysis: coordinate patfem_ty_l is locked and can't be varied.
[2023-03-10 14:05:20.036] [warning] MuscleAnalysis: coordinate patfem_tz_l is locked and can't be varied.
[2023-03-10 14:05:20.036] [warning] MuscleAnalysis: coordinate mtp_angle_l is locked and can't be varied.
[2023-03-10 14:05:20.036] [warning] MuscleAnalysis: coordinate pro_sup_r is locked and can't be varied.
[2023-03-10 14:05:20.036] [warning] MuscleAnalysis: coordinate wrist_flex_r is locked and can't be varied.
[2023-03-10 14:05:20.036] [warning] MuscleAnalysis: coordinate wrist_dev_r is locked and can't be varied.
[2023-03-10 14:05:20.036] [warning] MuscleAnalysis: coordinate pro_sup_l is locked and can't be varied.
[2023-03-10 14:05:20.036] [warning] MuscleAnalysis: coordinate wrist_flex_l is locked and can't be varied.
[2023-03-10 14:05:20.036] [warning] MuscleAnalysis: coordinate wrist_dev_l is locked and can't be varied.
[2023-03-10 14:10:01.261] [info] Printing results of investigation JWAllBody-scaled to C:\Gil\MeshesInAD\gaitWithKneeProsthesis\ScaledModel\SubjectSpecific\MomentArms_ngait_og1
[2023-03-10 15:09:47.801] [info] Storage: read data file = C:\Gil\MeshesInAD\gaitWithKneeProsthesis\ScaledModel\SubjectSpecific\jw_ngait_og1.mot (nr=327 nc=60)
[2023-03-10 15:10:38.012] [info] Storage: read data file = C:\Gil\MeshesInAD\gaitWithKneeProsthesis\ScaledModel\SubjectSpecific\jw_ngait_og1.mot (nr=327 nc=60)
[2023-03-10 15:10:54.232] [warning] Coordinate.setValue:  coordinate knee_adduction is locked. Unable to change its value.
[2023-03-10 15:10:54.232] [warning] Coordinate.setValue:  coordinate knee_rotation is locked. Unable to change its value.
[2023-03-10 15:10:54.232] [warning] Coordinate.setValue:  coordinate knee_tx is locked. Unable to change its value.
[2023-03-10 15:10:54.232] [warning] Coordinate.setValue:  coordinate knee_ty is locked. Unable to change its value.
[2023-03-10 15:10:54.233] [warning] Coordinate.setValue:  coordinate knee_tz is locked. Unable to change its value.
[2023-03-10 15:11:04.947] [info] Storage: read data file = C:\Gil\MeshesInAD\gaitWithKneeProsthesis\ScaledModel\SubjectSpecific\jw_ngait_og1.mot (nr=327 nc=60)
[2023-03-10 15:11:17.821] [info] Loading coordinates from file 'C:\Gil\MeshesInAD\gaitWithKneeProsthesis\ScaledModel\SubjectSpecific\jw_ngait_og1.mot'.
[2023-03-10 15:11:17.821] [info] Storage: read data file = C:\Gil\MeshesInAD\gaitWithKneeProsthesis\ScaledModel\SubjectSpecific\jw_ngait_og1.mot (nr=327 nc=60)
[2023-03-10 15:11:18.011] [warning] Coordinate.setValue:  coordinate knee_adduction is locked. Unable to change its value.
[2023-03-10 15:11:18.011] [warning] Coordinate.setValue:  coordinate knee_rotation is locked. Unable to change its value.
[2023-03-10 15:11:18.011] [warning] Coordinate.setValue:  coordinate knee_tx is locked. Unable to change its value.
[2023-03-10 15:11:18.011] [warning] Coordinate.setValue:  coordinate knee_ty is locked. Unable to change its value.
[2023-03-10 15:11:18.011] [warning] Coordinate.setValue:  coordinate knee_tz is locked. Unable to change its value.
[2023-03-10 15:11:18.011] [warning] Coordinate.setValue:  coordinate patfem_adduction is locked. Unable to change its value.
[2023-03-10 15:11:18.011] [warning] Coordinate.setValue:  coordinate patfem_rotation is locked. Unable to change its value.
[2023-03-10 15:11:18.011] [warning] Coordinate.setValue:  coordinate patfem_tx is locked. Unable to change its value.
[2023-03-10 15:11:18.011] [warning] Coordinate.setValue:  coordinate patfem_ty is locked. Unable to change its value.
[2023-03-10 15:11:18.011] [warning] Coordinate.setValue:  coordinate patfem_tz is locked. Unable to change its value.
[2023-03-10 15:11:18.011] [warning] Coordinate.setValue:  coordinate mtp_angle is locked. Unable to change its value.
[2023-03-10 15:11:18.011] [warning] Coordinate.setValue:  coordinate knee_adduction_l is locked. Unable to change its value.
[2023-03-10 15:11:18.011] [warning] Coordinate.setValue:  coordinate knee_rotation_l is locked. Unable to change its value.
[2023-03-10 15:11:18.011] [warning] Coordinate.setValue:  coordinate knee_tx_l is locked. Unable to change its value.
[2023-03-10 15:11:18.011] [warning] Coordinate.setValue:  coordinate knee_ty_l is locked. Unable to change its value.
[2023-03-10 15:11:18.011] [warning] Coordinate.setValue:  coordinate knee_tz_l is locked. Unable to change its value.
[2023-03-10 15:11:18.011] [warning] Coordinate.setValue:  coordinate patfem_adduction_l is locked. Unable to change its value.
[2023-03-10 15:11:18.011] [warning] Coordinate.setValue:  coordinate patfem_rotation_l is locked. Unable to change its value.
[2023-03-10 15:11:18.011] [warning] Coordinate.setValue:  coordinate patfem_tx_l is locked. Unable to change its value.
[2023-03-10 15:11:18.011] [warning] Coordinate.setValue:  coordinate patfem_ty_l is locked. Unable to change its value.
[2023-03-10 15:11:18.011] [warning] Coordinate.setValue:  coordinate patfem_tz_l is locked. Unable to change its value.
[2023-03-10 15:11:18.011] [warning] Coordinate.setValue:  coordinate mtp_angle_l is locked. Unable to change its value.
[2023-03-10 15:11:18.011] [warning] Coordinate.setValue:  coordinate pro_sup_r is locked. Unable to change its value.
[2023-03-10 15:11:18.011] [warning] Coordinate.setValue:  coordinate pro_sup_l is locked. Unable to change its value.
[2023-03-10 15:11:21.161] [info] Found 327 state vectors with time stamps ranging from 0.948333 to 3.665.
[2023-03-10 15:11:21.217] [info] No external loads will be applied (external loads file not specified).
[2023-03-10 15:11:21.274] [info] Executing the analyses from 0.948333 to 3.665...
[2023-03-10 15:11:21.317] [warning] MuscleAnalysis: coordinate knee_adduction is locked and can't be varied.
[2023-03-10 15:11:21.318] [warning] MuscleAnalysis: coordinate knee_rotation is locked and can't be varied.
[2023-03-10 15:11:21.318] [warning] MuscleAnalysis: coordinate knee_tx is locked and can't be varied.
[2023-03-10 15:11:21.318] [warning] MuscleAnalysis: coordinate knee_ty is locked and can't be varied.
[2023-03-10 15:11:21.318] [warning] MuscleAnalysis: coordinate knee_tz is locked and can't be varied.
[2023-03-10 15:11:21.318] [warning] MuscleAnalysis: coordinate patfem_adduction is locked and can't be varied.
[2023-03-10 15:11:21.318] [warning] MuscleAnalysis: coordinate patfem_rotation is locked and can't be varied.
[2023-03-10 15:11:21.318] [warning] MuscleAnalysis: coordinate patfem_tx is locked and can't be varied.
[2023-03-10 15:11:21.318] [warning] MuscleAnalysis: coordinate patfem_ty is locked and can't be varied.
[2023-03-10 15:11:21.318] [warning] MuscleAnalysis: coordinate patfem_tz is locked and can't be varied.
[2023-03-10 15:11:21.318] [warning] MuscleAnalysis: coordinate mtp_angle is locked and can't be varied.
[2023-03-10 15:11:21.318] [warning] MuscleAnalysis: coordinate knee_adduction_l is locked and can't be varied.
[2023-03-10 15:11:21.318] [warning] MuscleAnalysis: coordinate knee_rotation_l is locked and can't be varied.
[2023-03-10 15:11:21.318] [warning] MuscleAnalysis: coordinate knee_tx_l is locked and can't be varied.
[2023-03-10 15:11:21.318] [warning] MuscleAnalysis: coordinate knee_ty_l is locked and can't be varied.
[2023-03-10 15:11:21.318] [warning] MuscleAnalysis: coordinate knee_tz_l is locked and can't be varied.
[2023-03-10 15:11:21.318] [warning] MuscleAnalysis: coordinate patfem_adduction_l is locked and can't be varied.
[2023-03-10 15:11:21.318] [warning] MuscleAnalysis: coordinate patfem_rotation_l is locked and can't be varied.
[2023-03-10 15:11:21.318] [warning] MuscleAnalysis: coordinate patfem_tx_l is locked and can't be varied.
[2023-03-10 15:11:21.318] [warning] MuscleAnalysis: coordinate patfem_ty_l is locked and can't be varied.
[2023-03-10 15:11:21.318] [warning] MuscleAnalysis: coordinate patfem_tz_l is locked and can't be varied.
[2023-03-10 15:11:21.318] [warning] MuscleAnalysis: coordinate mtp_angle_l is locked and can't be varied.
[2023-03-10 15:11:21.318] [warning] MuscleAnalysis: coordinate pro_sup_r is locked and can't be varied.
[2023-03-10 15:11:21.318] [warning] MuscleAnalysis: coordinate wrist_flex_r is locked and can't be varied.
[2023-03-10 15:11:21.318] [warning] MuscleAnalysis: coordinate wrist_dev_r is locked and can't be varied.
[2023-03-10 15:11:21.318] [warning] MuscleAnalysis: coordinate pro_sup_l is locked and can't be varied.
[2023-03-10 15:11:21.318] [warning] MuscleAnalysis: coordinate wrist_flex_l is locked and can't be varied.
[2023-03-10 15:11:21.318] [warning] MuscleAnalysis: coordinate wrist_dev_l is locked and can't be varied.
[2023-03-10 15:17:19.265] [info] Printing results of investigation JWAllBody-scaled to C:\Gil\MeshesInAD\gaitWithKneeProsthesis\ScaledModel\SubjectSpecific\testmomentarms_ngait_og1
[2023-03-10 15:33:11.548] [info] Loaded model JWAllBody-scaled from file C:\Gil\MeshesInAD\gaitWithKneeProsthesis\ScaledModel\SubjectSpecific\JW All Body Model-scaled_forvisualization_leftright_v42_test.osim
[2023-03-10 15:36:20.206] [info] Loaded model JWAllBody-scaled from file C:\Gil\MeshesInAD\gaitWithKneeProsthesis\ScaledModel\SubjectSpecific\JW All Body Model-scaled_forvisualization_leftright_v42_test.osim
[2023-03-10 15:37:42.071] [info] Loaded model JWAllBody-scaled from file C:\Gil\MeshesInAD\gaitWithKneeProsthesis\ScaledModel\SubjectSpecific\JW All Body Model-scaled_forvisualization_leftright_v42_test.osim
[2023-03-10 15:38:53.662] [info] Storage: read data file = C:\Gil\MeshesInAD\gaitWithKneeProsthesis\ScaledModel\SubjectSpecific\jw_ngait_og1.mot (nr=327 nc=60)
[2023-03-10 15:39:16.146] [info] Loading coordinates from file 'C:\Gil\MeshesInAD\gaitWithKneeProsthesis\ScaledModel\SubjectSpecific\jw_ngait_og1.mot'.
[2023-03-10 15:39:16.146] [info] Storage: read data file = C:\Gil\MeshesInAD\gaitWithKneeProsthesis\ScaledModel\SubjectSpecific\jw_ngait_og1.mot (nr=327 nc=60)
[2023-03-10 15:39:16.351] [warning] Coordinate.setValue:  coordinate patfem_adduction is locked. Unable to change its value.
[2023-03-10 15:39:16.351] [warning] Coordinate.setValue:  coordinate patfem_rotation is locked. Unable to change its value.
[2023-03-10 15:39:16.351] [warning] Coordinate.setValue:  coordinate patfem_tx is locked. Unable to change its value.
[2023-03-10 15:39:16.351] [warning] Coordinate.setValue:  coordinate patfem_ty is locked. Unable to change its value.
[2023-03-10 15:39:16.351] [warning] Coordinate.setValue:  coordinate patfem_tz is locked. Unable to change its value.
[2023-03-10 15:39:16.351] [warning] Coordinate.setValue:  coordinate mtp_angle is locked. Unable to change its value.
[2023-03-10 15:39:16.351] [warning] Coordinate.setValue:  coordinate knee_adduction_l is locked. Unable to change its value.
[2023-03-10 15:39:16.351] [warning] Coordinate.setValue:  coordinate knee_rotation_l is locked. Unable to change its value.
[2023-03-10 15:39:16.351] [warning] Coordinate.setValue:  coordinate knee_tx_l is locked. Unable to change its value.
[2023-03-10 15:39:16.351] [warning] Coordinate.setValue:  coordinate knee_ty_l is locked. Unable to change its value.
[2023-03-10 15:39:16.351] [warning] Coordinate.setValue:  coordinate knee_tz_l is locked. Unable to change its value.
[2023-03-10 15:39:16.351] [warning] Coordinate.setValue:  coordinate patfem_adduction_l is locked. Unable to change its value.
[2023-03-10 15:39:16.351] [warning] Coordinate.setValue:  coordinate patfem_rotation_l is locked. Unable to change its value.
[2023-03-10 15:39:16.351] [warning] Coordinate.setValue:  coordinate patfem_tx_l is locked. Unable to change its value.
[2023-03-10 15:39:16.351] [warning] Coordinate.setValue:  coordinate patfem_ty_l is locked. Unable to change its value.
[2023-03-10 15:39:16.351] [warning] Coordinate.setValue:  coordinate patfem_tz_l is locked. Unable to change its value.
[2023-03-10 15:39:16.351] [warning] Coordinate.setValue:  coordinate mtp_angle_l is locked. Unable to change its value.
[2023-03-10 15:39:16.351] [warning] Coordinate.setValue:  coordinate pro_sup_r is locked. Unable to change its value.
[2023-03-10 15:39:16.352] [warning] Coordinate.setValue:  coordinate pro_sup_l is locked. Unable to change its value.
[2023-03-10 15:39:19.552] [info] Found 327 state vectors with time stamps ranging from 0.948333 to 3.665.
[2023-03-10 15:39:19.604] [info] No external loads will be applied (external loads file not specified).
[2023-03-10 15:39:19.657] [info] Executing the analyses from 0.948333 to 3.665...
[2023-03-10 15:39:19.692] [warning] MuscleAnalysis: coordinate patfem_adduction is locked and can't be varied.
[2023-03-10 15:39:19.692] [warning] MuscleAnalysis: coordinate patfem_rotation is locked and can't be varied.
[2023-03-10 15:39:19.692] [warning] MuscleAnalysis: coordinate patfem_tx is locked and can't be varied.
[2023-03-10 15:39:19.692] [warning] MuscleAnalysis: coordinate patfem_ty is locked and can't be varied.
[2023-03-10 15:39:19.692] [warning] MuscleAnalysis: coordinate patfem_tz is locked and can't be varied.
[2023-03-10 15:39:19.692] [warning] MuscleAnalysis: coordinate mtp_angle is locked and can't be varied.
[2023-03-10 15:39:19.692] [warning] MuscleAnalysis: coordinate knee_adduction_l is locked and can't be varied.
[2023-03-10 15:39:19.692] [warning] MuscleAnalysis: coordinate knee_rotation_l is locked and can't be varied.
[2023-03-10 15:39:19.692] [warning] MuscleAnalysis: coordinate knee_tx_l is locked and can't be varied.
[2023-03-10 15:39:19.692] [warning] MuscleAnalysis: coordinate knee_ty_l is locked and can't be varied.
[2023-03-10 15:39:19.692] [warning] MuscleAnalysis: coordinate knee_tz_l is locked and can't be varied.
[2023-03-10 15:39:19.692] [warning] MuscleAnalysis: coordinate patfem_adduction_l is locked and can't be varied.
[2023-03-10 15:39:19.692] [warning] MuscleAnalysis: coordinate patfem_rotation_l is locked and can't be varied.
[2023-03-10 15:39:19.692] [warning] MuscleAnalysis: coordinate patfem_tx_l is locked and can't be varied.
[2023-03-10 15:39:19.692] [warning] MuscleAnalysis: coordinate patfem_ty_l is locked and can't be varied.
[2023-03-10 15:39:19.692] [warning] MuscleAnalysis: coordinate patfem_tz_l is locked and can't be varied.
[2023-03-10 15:39:19.692] [warning] MuscleAnalysis: coordinate mtp_angle_l is locked and can't be varied.
[2023-03-10 15:39:19.692] [warning] MuscleAnalysis: coordinate pro_sup_r is locked and can't be varied.
[2023-03-10 15:39:19.692] [warning] MuscleAnalysis: coordinate wrist_flex_r is locked and can't be varied.
[2023-03-10 15:39:19.692] [warning] MuscleAnalysis: coordinate wrist_dev_r is locked and can't be varied.
[2023-03-10 15:39:19.692] [warning] MuscleAnalysis: coordinate pro_sup_l is locked and can't be varied.
[2023-03-10 15:39:19.692] [warning] MuscleAnalysis: coordinate wrist_flex_l is locked and can't be varied.
[2023-03-10 15:39:19.692] [warning] MuscleAnalysis: coordinate wrist_dev_l is locked and can't be varied.
[2023-03-10 15:39:19.704] [info] DeGrooteFregly2016Muscle 'gaslat' is exceeding maximum contraction velocity at time 0.948333 s.
[2023-03-10 15:39:20.935] [info] DeGrooteFregly2016Muscle 'gaslat' is exceeding maximum contraction velocity at time 0.956666 s.
[2023-03-10 15:39:21.742] [info] DeGrooteFregly2016Muscle 'gaslat' is exceeding maximum contraction velocity at time 0.956666 s.
[2023-03-10 15:39:21.767] [info] DeGrooteFregly2016Muscle 'gaslat' is exceeding maximum contraction velocity at time 0.965 s.
[2023-03-10 15:39:22.625] [info] DeGrooteFregly2016Muscle 'gaslat' is exceeding maximum contraction velocity at time 0.965 s.
[2023-03-10 15:39:22.672] [info] DeGrooteFregly2016Muscle 'gaslat' is exceeding maximum contraction velocity at time 0.973333 s.
[2023-03-10 15:39:23.486] [info] DeGrooteFregly2016Muscle 'gaslat' is exceeding maximum contraction velocity at time 0.973333 s.
[2023-03-10 15:39:23.509] [info] DeGrooteFregly2016Muscle 'gaslat' is exceeding maximum contraction velocity at time 0.981666 s.
[2023-03-10 15:39:24.383] [info] DeGrooteFregly2016Muscle 'gaslat' is exceeding maximum contraction velocity at time 0.981666 s.
[2023-03-10 15:39:24.408] [info] DeGrooteFregly2016Muscle 'gaslat' is exceeding maximum contraction velocity at time 0.99 s.
[2023-03-10 15:39:25.286] [info] DeGrooteFregly2016Muscle 'gaslat' is exceeding maximum contraction velocity at time 0.99 s.
[2023-03-10 15:39:25.309] [info] DeGrooteFregly2016Muscle 'gaslat' is exceeding maximum contraction velocity at time 0.998333 s.
[2023-03-10 15:39:26.201] [info] DeGrooteFregly2016Muscle 'gaslat' is exceeding maximum contraction velocity at time 0.998333 s.
[2023-03-10 15:39:26.235] [info] DeGrooteFregly2016Muscle 'gaslat' is exceeding maximum contraction velocity at time 1.00667 s.
[2023-03-10 15:39:27.206] [info] DeGrooteFregly2016Muscle 'gaslat' is exceeding maximum contraction velocity at time 1.00667 s.
[2023-03-10 15:39:27.232] [info] DeGrooteFregly2016Muscle 'gaslat' is exceeding maximum contraction velocity at time 1.015 s.
[2023-03-10 15:39:28.376] [info] DeGrooteFregly2016Muscle 'gaslat' is exceeding maximum contraction velocity at time 1.015 s.
[2023-03-10 15:39:28.406] [info] DeGrooteFregly2016Muscle 'gaslat' is exceeding maximum contraction velocity at time 1.02333 s.
[2023-03-10 15:39:29.550] [info] DeGrooteFregly2016Muscle 'gaslat' is exceeding maximum contraction velocity at time 1.02333 s.
[2023-03-10 15:39:29.586] [info] DeGrooteFregly2016Muscle 'gaslat' is exceeding maximum contraction velocity at time 1.03167 s.
[2023-03-10 15:39:30.519] [info] DeGrooteFregly2016Muscle 'gaslat' is exceeding maximum contraction velocity at time 1.03167 s.
[2023-03-10 15:39:30.583] [info] DeGrooteFregly2016Muscle 'gaslat' is exceeding maximum contraction velocity at time 1.04 s.
[2023-03-10 15:39:31.494] [info] DeGrooteFregly2016Muscle 'gaslat' is exceeding maximum contraction velocity at time 1.04 s.
[2023-03-10 15:39:31.534] [info] DeGrooteFregly2016Muscle 'gaslat' is exceeding maximum contraction velocity at time 1.04833 s.
[2023-03-10 15:39:32.512] [info] DeGrooteFregly2016Muscle 'gaslat' is exceeding maximum contraction velocity at time 1.04833 s.
[2023-03-10 15:39:32.538] [info] DeGrooteFregly2016Muscle 'gaslat' is exceeding maximum contraction velocity at time 1.05667 s.
[2023-03-10 15:39:33.556] [info] DeGrooteFregly2016Muscle 'gaslat' is exceeding maximum contraction velocity at time 1.05667 s.
[2023-03-10 15:39:33.579] [info] DeGrooteFregly2016Muscle 'gaslat' is exceeding maximum contraction velocity at time 1.065 s.
[2023-03-10 15:39:34.483] [info] DeGrooteFregly2016Muscle 'gaslat' is exceeding maximum contraction velocity at time 1.065 s.
[2023-03-10 15:39:34.513] [info] DeGrooteFregly2016Muscle 'gaslat' is exceeding maximum contraction velocity at time 1.07333 s.
[2023-03-10 15:39:35.383] [info] DeGrooteFregly2016Muscle 'gaslat' is exceeding maximum contraction velocity at time 1.07333 s.
[2023-03-10 15:39:35.411] [info] DeGrooteFregly2016Muscle 'gaslat' is exceeding maximum contraction velocity at time 1.08167 s.
[2023-03-10 15:39:36.268] [info] DeGrooteFregly2016Muscle 'gaslat' is exceeding maximum contraction velocity at time 1.08167 s.
[2023-03-10 15:39:36.299] [info] DeGrooteFregly2016Muscle 'gaslat' is exceeding maximum contraction velocity at time 1.09 s.
[2023-03-10 15:39:37.184] [info] DeGrooteFregly2016Muscle 'gaslat' is exceeding maximum contraction velocity at time 1.09 s.
[2023-03-10 15:39:37.208] [info] DeGrooteFregly2016Muscle 'gaslat' is exceeding maximum contraction velocity at time 1.09833 s.
[2023-03-10 15:39:38.049] [info] DeGrooteFregly2016Muscle 'gaslat' is exceeding maximum contraction velocity at time 1.09833 s.
[2023-03-10 15:39:38.078] [info] DeGrooteFregly2016Muscle 'gaslat' is exceeding maximum contraction velocity at time 1.10667 s.
[2023-03-10 15:39:38.916] [info] DeGrooteFregly2016Muscle 'gaslat' is exceeding maximum contraction velocity at time 1.10667 s.
[2023-03-10 15:39:38.976] [info] DeGrooteFregly2016Muscle 'gaslat' is exceeding maximum contraction velocity at time 1.115 s.
[2023-03-10 15:39:39.832] [info] DeGrooteFregly2016Muscle 'gaslat' is exceeding maximum contraction velocity at time 1.115 s.
[2023-03-10 15:39:39.856] [info] DeGrooteFregly2016Muscle 'gaslat' is exceeding maximum contraction velocity at time 1.12333 s.
[2023-03-10 15:39:40.697] [info] DeGrooteFregly2016Muscle 'gaslat' is exceeding maximum contraction velocity at time 1.12333 s.
[2023-03-10 15:39:40.723] [info] DeGrooteFregly2016Muscle 'gaslat' is exceeding maximum contraction velocity at time 1.13167 s.
[2023-03-10 15:39:41.590] [info] DeGrooteFregly2016Muscle 'gaslat' is exceeding maximum contraction velocity at time 1.13167 s.
[2023-03-10 15:39:41.614] [info] DeGrooteFregly2016Muscle 'gaslat' is exceeding maximum contraction velocity at time 1.14 s.
[2023-03-10 15:39:42.460] [info] DeGrooteFregly2016Muscle 'gaslat' is exceeding maximum contraction velocity at time 1.14 s.
[2023-03-10 15:39:42.485] [info] DeGrooteFregly2016Muscle 'gaslat' is exceeding maximum contraction velocity at time 1.14833 s.
[2023-03-10 15:39:43.379] [info] DeGrooteFregly2016Muscle 'gaslat' is exceeding maximum contraction velocity at time 1.14833 s.
[2023-03-10 15:39:43.408] [info] DeGrooteFregly2016Muscle 'gaslat' is exceeding maximum contraction velocity at time 1.15667 s.
[2023-03-10 15:39:44.374] [info] DeGrooteFregly2016Muscle 'gaslat' is exceeding maximum contraction velocity at time 1.15667 s.
[2023-03-10 15:39:44.398] [info] DeGrooteFregly2016Muscle 'gaslat' is exceeding maximum contraction velocity at time 1.165 s.
[2023-03-10 15:39:45.427] [info] DeGrooteFregly2016Muscle 'gaslat' is exceeding maximum contraction velocity at time 1.165 s.
[2023-03-10 15:39:45.455] [info] DeGrooteFregly2016Muscle 'gaslat' is exceeding maximum contraction velocity at time 1.17333 s.
[2023-03-10 15:39:46.476] [info] DeGrooteFregly2016Muscle 'gaslat' is exceeding maximum contraction velocity at time 1.17333 s.
[2023-03-10 15:39:46.509] [info] DeGrooteFregly2016Muscle 'gaslat' is exceeding maximum contraction velocity at time 1.18167 s.
[2023-03-10 15:39:47.640] [info] DeGrooteFregly2016Muscle 'gaslat' is exceeding maximum contraction velocity at time 1.18167 s.
[2023-03-10 15:39:47.668] [info] DeGrooteFregly2016Muscle 'gaslat' is exceeding maximum contraction velocity at time 1.19 s.
[2023-03-10 15:39:48.602] [info] DeGrooteFregly2016Muscle 'gaslat' is exceeding maximum contraction velocity at time 1.19 s.
[2023-03-10 15:39:48.665] [info] DeGrooteFregly2016Muscle 'gaslat' is exceeding maximum contraction velocity at time 1.19833 s.
[2023-03-10 15:39:49.731] [info] DeGrooteFregly2016Muscle 'gaslat' is exceeding maximum contraction velocity at time 1.19833 s.
[2023-03-10 15:39:49.761] [info] DeGrooteFregly2016Muscle 'gaslat' is exceeding maximum contraction velocity at time 1.20667 s.
[2023-03-10 15:39:50.969] [info] DeGrooteFregly2016Muscle 'gaslat' is exceeding maximum contraction velocity at time 1.20667 s.
[2023-03-10 15:39:51.012] [info] DeGrooteFregly2016Muscle 'gaslat' is exceeding maximum contraction velocity at time 1.215 s.
[2023-03-10 15:39:52.207] [info] DeGrooteFregly2016Muscle 'gaslat' is exceeding maximum contraction velocity at time 1.215 s.
[2023-03-10 15:39:52.238] [info] DeGrooteFregly2016Muscle 'gaslat' is exceeding maximum contraction velocity at time 1.22333 s.
[2023-03-10 15:39:53.314] [info] DeGrooteFregly2016Muscle 'gaslat' is exceeding maximum contraction velocity at time 1.22333 s.
[2023-03-10 15:39:53.352] [info] DeGrooteFregly2016Muscle 'gaslat' is exceeding maximum contraction velocity at time 1.23167 s.
[2023-03-10 15:39:54.465] [info] DeGrooteFregly2016Muscle 'gaslat' is exceeding maximum contraction velocity at time 1.23167 s.
[2023-03-10 15:39:54.507] [info] DeGrooteFregly2016Muscle 'gaslat' is exceeding maximum contraction velocity at time 1.24 s.
[2023-03-10 15:39:55.683] [info] DeGrooteFregly2016Muscle 'gaslat' is exceeding maximum contraction velocity at time 1.24 s.
[2023-03-10 15:39:55.718] [info] DeGrooteFregly2016Muscle 'gaslat' is exceeding maximum contraction velocity at time 1.24833 s.
[2023-03-10 15:39:56.788] [info] DeGrooteFregly2016Muscle 'gaslat' is exceeding maximum contraction velocity at time 1.24833 s.
[2023-03-10 15:40:01.518] [info] DeGrooteFregly2016Muscle 'gaslat' is exceeding maximum contraction velocity at time 1.29 s.
[2023-03-10 15:40:02.673] [info] DeGrooteFregly2016Muscle 'gaslat' is exceeding maximum contraction velocity at time 1.29 s.
[2023-03-10 15:40:02.706] [info] DeGrooteFregly2016Muscle 'gaslat' is exceeding maximum contraction velocity at time 1.29833 s.
[2023-03-10 15:40:03.831] [info] DeGrooteFregly2016Muscle 'gaslat' is exceeding maximum contraction velocity at time 1.29833 s.
[2023-03-10 15:40:03.871] [info] DeGrooteFregly2016Muscle 'gaslat' is exceeding maximum contraction velocity at time 1.30667 s.
[2023-03-10 15:40:05.133] [info] DeGrooteFregly2016Muscle 'gaslat' is exceeding maximum contraction velocity at time 1.30667 s.
[2023-03-10 15:40:05.161] [info] DeGrooteFregly2016Muscle 'gaslat' is exceeding maximum contraction velocity at time 1.315 s.
[2023-03-10 15:40:06.268] [info] DeGrooteFregly2016Muscle 'gaslat' is exceeding maximum contraction velocity at time 1.315 s.
[2023-03-10 15:40:06.332] [info] DeGrooteFregly2016Muscle 'gaslat' is exceeding maximum contraction velocity at time 1.32333 s.
[2023-03-10 15:40:07.673] [info] DeGrooteFregly2016Muscle 'gaslat' is exceeding maximum contraction velocity at time 1.32333 s.
[2023-03-10 15:40:07.708] [info] DeGrooteFregly2016Muscle 'gaslat' is exceeding maximum contraction velocity at time 1.33167 s.
[2023-03-10 15:40:08.799] [info] DeGrooteFregly2016Muscle 'gaslat' is exceeding maximum contraction velocity at time 1.33167 s.
[2023-03-10 15:40:08.831] [info] DeGrooteFregly2016Muscle 'gaslat' is exceeding maximum contraction velocity at time 1.34 s.
[2023-03-10 15:40:10.005] [info] DeGrooteFregly2016Muscle 'gaslat' is exceeding maximum contraction velocity at time 1.34 s.
[2023-03-10 15:40:10.046] [info] DeGrooteFregly2016Muscle 'gaslat' is exceeding maximum contraction velocity at time 1.34833 s.
[2023-03-10 15:40:11.171] [info] DeGrooteFregly2016Muscle 'gaslat' is exceeding maximum contraction velocity at time 1.34833 s.
[2023-03-10 15:40:11.204] [info] DeGrooteFregly2016Muscle 'gaslat' is exceeding maximum contraction velocity at time 1.35667 s.
[2023-03-10 15:40:12.369] [info] DeGrooteFregly2016Muscle 'gaslat' is exceeding maximum contraction velocity at time 1.35667 s.
[2023-03-10 15:40:12.450] [info] DeGrooteFregly2016Muscle 'gaslat' is exceeding maximum contraction velocity at time 1.365 s.
[2023-03-10 15:40:13.621] [info] DeGrooteFregly2016Muscle 'gaslat' is exceeding maximum contraction velocity at time 1.365 s.
[2023-03-10 15:40:13.651] [info] DeGrooteFregly2016Muscle 'gaslat' is exceeding maximum contraction velocity at time 1.37333 s.
[2023-03-10 15:40:14.791] [info] DeGrooteFregly2016Muscle 'gaslat' is exceeding maximum contraction velocity at time 1.37333 s.
[2023-03-10 15:40:14.821] [info] DeGrooteFregly2016Muscle 'gaslat' is exceeding maximum contraction velocity at time 1.38167 s.
[2023-03-10 15:40:16.011] [info] DeGrooteFregly2016Muscle 'gaslat' is exceeding maximum contraction velocity at time 1.38167 s.
[2023-03-10 15:40:16.052] [info] DeGrooteFregly2016Muscle 'gaslat' is exceeding maximum contraction velocity at time 1.39 s.
[2023-03-10 15:40:17.206] [info] DeGrooteFregly2016Muscle 'gaslat' is exceeding maximum contraction velocity at time 1.39 s.
[2023-03-10 15:40:17.240] [info] DeGrooteFregly2016Muscle 'gaslat' is exceeding maximum contraction velocity at time 1.39833 s.
[2023-03-10 15:40:18.372] [info] DeGrooteFregly2016Muscle 'gaslat' is exceeding maximum contraction velocity at time 1.39833 s.
[2023-03-10 15:40:18.412] [info] DeGrooteFregly2016Muscle 'gaslat' is exceeding maximum contraction velocity at time 1.40667 s.
[2023-03-10 15:40:19.521] [info] DeGrooteFregly2016Muscle 'gaslat' is exceeding maximum contraction velocity at time 1.40667 s.
[2023-03-10 15:40:19.552] [info] DeGrooteFregly2016Muscle 'gaslat' is exceeding maximum contraction velocity at time 1.415 s.
[2023-03-10 15:40:20.683] [info] DeGrooteFregly2016Muscle 'gaslat' is exceeding maximum contraction velocity at time 1.415 s.
[2023-03-10 15:40:20.713] [info] DeGrooteFregly2016Muscle 'gaslat' is exceeding maximum contraction velocity at time 1.42333 s.
[2023-03-10 15:40:21.835] [info] DeGrooteFregly2016Muscle 'gaslat' is exceeding maximum contraction velocity at time 1.42333 s.
[2023-03-10 15:40:21.864] [info] DeGrooteFregly2016Muscle 'gaslat' is exceeding maximum contraction velocity at time 1.43167 s.
[2023-03-10 15:40:22.928] [info] DeGrooteFregly2016Muscle 'gaslat' is exceeding maximum contraction velocity at time 1.43167 s.
[2023-03-10 15:40:22.958] [info] DeGrooteFregly2016Muscle 'gaslat' is exceeding maximum contraction velocity at time 1.44 s.
[2023-03-10 15:40:24.101] [info] DeGrooteFregly2016Muscle 'gaslat' is exceeding maximum contraction velocity at time 1.44 s.
[2023-03-10 15:40:24.140] [info] DeGrooteFregly2016Muscle 'gaslat' is exceeding maximum contraction velocity at time 1.44833 s.
[2023-03-10 15:40:25.226] [info] DeGrooteFregly2016Muscle 'gaslat' is exceeding maximum contraction velocity at time 1.44833 s.
[2023-03-10 15:40:25.308] [info] DeGrooteFregly2016Muscle 'gaslat' is exceeding maximum contraction velocity at time 1.45667 s.
[2023-03-10 15:40:26.413] [info] DeGrooteFregly2016Muscle 'gaslat' is exceeding maximum contraction velocity at time 1.45667 s.
[2023-03-10 15:40:26.447] [info] DeGrooteFregly2016Muscle 'gaslat' is exceeding maximum contraction velocity at time 1.465 s.
[2023-03-10 15:40:27.580] [info] DeGrooteFregly2016Muscle 'gaslat' is exceeding maximum contraction velocity at time 1.465 s.
[2023-03-10 15:40:27.630] [info] DeGrooteFregly2016Muscle 'gaslat' is exceeding maximum contraction velocity at time 1.47333 s.
[2023-03-10 15:40:28.809] [info] DeGrooteFregly2016Muscle 'gaslat' is exceeding maximum contraction velocity at time 1.47333 s.
[2023-03-10 15:40:28.838] [info] DeGrooteFregly2016Muscle 'gaslat' is exceeding maximum contraction velocity at time 1.48167 s.
[2023-03-10 15:40:29.934] [info] DeGrooteFregly2016Muscle 'gaslat' is exceeding maximum contraction velocity at time 1.48167 s.
[2023-03-10 15:40:29.968] [info] DeGrooteFregly2016Muscle 'gaslat' is exceeding maximum contraction velocity at time 1.49 s.
[2023-03-10 15:40:31.065] [info] DeGrooteFregly2016Muscle 'gaslat' is exceeding maximum contraction velocity at time 1.49 s.
[2023-03-10 15:40:31.100] [info] DeGrooteFregly2016Muscle 'gaslat' is exceeding maximum contraction velocity at time 1.49833 s.
[2023-03-10 15:40:32.197] [info] DeGrooteFregly2016Muscle 'gaslat' is exceeding maximum contraction velocity at time 1.49833 s.
[2023-03-10 15:40:32.231] [info] DeGrooteFregly2016Muscle 'gaslat' is exceeding maximum contraction velocity at time 1.50667 s.
[2023-03-10 15:40:33.313] [info] DeGrooteFregly2016Muscle 'gaslat' is exceeding maximum contraction velocity at time 1.50667 s.
[2023-03-10 15:40:33.348] [info] DeGrooteFregly2016Muscle 'gaslat' is exceeding maximum contraction velocity at time 1.515 s.
[2023-03-10 15:40:34.458] [info] DeGrooteFregly2016Muscle 'gaslat' is exceeding maximum contraction velocity at time 1.515 s.
[2023-03-10 15:40:34.489] [info] DeGrooteFregly2016Muscle 'gaslat' is exceeding maximum contraction velocity at time 1.52333 s.
[2023-03-10 15:40:35.652] [info] DeGrooteFregly2016Muscle 'gaslat' is exceeding maximum contraction velocity at time 1.52333 s.
[2023-03-10 15:40:35.685] [info] DeGrooteFregly2016Muscle 'gaslat' is exceeding maximum contraction velocity at time 1.53167 s.
[2023-03-10 15:40:36.897] [info] DeGrooteFregly2016Muscle 'gaslat' is exceeding maximum contraction velocity at time 1.53167 s.
[2023-03-10 15:40:36.926] [info] DeGrooteFregly2016Muscle 'gaslat' is exceeding maximum contraction velocity at time 1.54 s.
[2023-03-10 15:40:38.088] [info] DeGrooteFregly2016Muscle 'gaslat' is exceeding maximum contraction velocity at time 1.54 s.
[2023-03-10 15:40:38.175] [info] DeGrooteFregly2016Muscle 'gaslat' is exceeding maximum contraction velocity at time 1.54833 s.
[2023-03-10 15:40:39.323] [info] DeGrooteFregly2016Muscle 'gaslat' is exceeding maximum contraction velocity at time 1.54833 s.
[2023-03-10 15:40:39.354] [info] DeGrooteFregly2016Muscle 'gaslat' is exceeding maximum contraction velocity at time 1.55667 s.
[2023-03-10 15:40:40.541] [info] DeGrooteFregly2016Muscle 'gaslat' is exceeding maximum contraction velocity at time 1.55667 s.
[2023-03-10 15:40:40.576] [info] DeGrooteFregly2016Muscle 'gaslat' is exceeding maximum contraction velocity at time 1.565 s.
[2023-03-10 15:40:41.735] [info] DeGrooteFregly2016Muscle 'gaslat' is exceeding maximum contraction velocity at time 1.565 s.
[2023-03-10 15:40:41.769] [info] DeGrooteFregly2016Muscle 'gaslat' is exceeding maximum contraction velocity at time 1.57333 s.
[2023-03-10 15:40:42.880] [info] DeGrooteFregly2016Muscle 'gaslat' is exceeding maximum contraction velocity at time 1.57333 s.
[2023-03-10 15:40:42.910] [info] DeGrooteFregly2016Muscle 'gaslat' is exceeding maximum contraction velocity at time 1.58167 s.
[2023-03-10 15:40:44.043] [info] DeGrooteFregly2016Muscle 'gaslat' is exceeding maximum contraction velocity at time 1.58167 s.
[2023-03-10 15:40:44.071] [info] DeGrooteFregly2016Muscle 'gaslat' is exceeding maximum contraction velocity at time 1.59 s.
[2023-03-10 15:40:45.205] [info] DeGrooteFregly2016Muscle 'gaslat' is exceeding maximum contraction velocity at time 1.59 s.
[2023-03-10 15:40:45.248] [info] DeGrooteFregly2016Muscle 'gaslat' is exceeding maximum contraction velocity at time 1.59833 s.
[2023-03-10 15:40:46.525] [info] DeGrooteFregly2016Muscle 'gaslat' is exceeding maximum contraction velocity at time 1.59833 s.
[2023-03-10 15:40:46.557] [info] DeGrooteFregly2016Muscle 'gaslat' is exceeding maximum contraction velocity at time 1.60667 s.
[2023-03-10 15:40:47.717] [info] DeGrooteFregly2016Muscle 'gaslat' is exceeding maximum contraction velocity at time 1.60667 s.
[2023-03-10 15:40:47.747] [info] DeGrooteFregly2016Muscle 'gaslat' is exceeding maximum contraction velocity at time 1.615 s.
[2023-03-10 15:40:48.878] [info] DeGrooteFregly2016Muscle 'gaslat' is exceeding maximum contraction velocity at time 1.615 s.
[2023-03-10 15:40:48.905] [info] DeGrooteFregly2016Muscle 'gaslat' is exceeding maximum contraction velocity at time 1.62333 s.
[2023-03-10 15:40:50.011] [info] DeGrooteFregly2016Muscle 'gaslat' is exceeding maximum contraction velocity at time 1.62333 s.
[2023-03-10 15:40:50.040] [info] DeGrooteFregly2016Muscle 'gaslat' is exceeding maximum contraction velocity at time 1.63167 s.
[2023-03-10 15:40:51.198] [info] DeGrooteFregly2016Muscle 'gaslat' is exceeding maximum contraction velocity at time 1.63167 s.
[2023-03-10 15:40:51.270] [info] DeGrooteFregly2016Muscle 'gaslat' is exceeding maximum contraction velocity at time 1.64 s.
[2023-03-10 15:40:52.427] [info] DeGrooteFregly2016Muscle 'gaslat' is exceeding maximum contraction velocity at time 1.64 s.
[2023-03-10 15:40:52.467] [info] DeGrooteFregly2016Muscle 'gaslat' is exceeding maximum contraction velocity at time 1.64833 s.
[2023-03-10 15:40:53.612] [info] DeGrooteFregly2016Muscle 'gaslat' is exceeding maximum contraction velocity at time 1.64833 s.
[2023-03-10 15:40:53.657] [info] DeGrooteFregly2016Muscle 'gaslat' is exceeding maximum contraction velocity at time 1.65667 s.
[2023-03-10 15:40:54.841] [info] DeGrooteFregly2016Muscle 'gaslat' is exceeding maximum contraction velocity at time 1.65667 s.
[2023-03-10 15:40:54.880] [info] DeGrooteFregly2016Muscle 'gaslat' is exceeding maximum contraction velocity at time 1.665 s.
[2023-03-10 15:40:56.014] [info] DeGrooteFregly2016Muscle 'gaslat' is exceeding maximum contraction velocity at time 1.665 s.
[2023-03-10 15:40:56.044] [info] DeGrooteFregly2016Muscle 'gaslat' is exceeding maximum contraction velocity at time 1.67333 s.
[2023-03-10 15:40:57.266] [info] DeGrooteFregly2016Muscle 'gaslat' is exceeding maximum contraction velocity at time 1.67333 s.
[2023-03-10 15:40:57.295] [info] DeGrooteFregly2016Muscle 'gaslat' is exceeding maximum contraction velocity at time 1.68167 s.
[2023-03-10 15:40:58.623] [info] DeGrooteFregly2016Muscle 'gaslat' is exceeding maximum contraction velocity at time 1.68167 s.
[2023-03-10 15:40:58.672] [info] DeGrooteFregly2016Muscle 'gaslat' is exceeding maximum contraction velocity at time 1.69 s.
[2023-03-10 15:41:00.064] [info] DeGrooteFregly2016Muscle 'gaslat' is exceeding maximum contraction velocity at time 1.69 s.
[2023-03-10 15:41:00.095] [info] DeGrooteFregly2016Muscle 'gaslat' is exceeding maximum contraction velocity at time 1.69833 s.
[2023-03-10 15:41:01.327] [info] DeGrooteFregly2016Muscle 'gaslat' is exceeding maximum contraction velocity at time 1.69833 s.
[2023-03-10 15:41:01.358] [info] DeGrooteFregly2016Muscle 'gaslat' is exceeding maximum contraction velocity at time 1.70667 s.
[2023-03-10 15:41:02.536] [info] DeGrooteFregly2016Muscle 'gaslat' is exceeding maximum contraction velocity at time 1.70667 s.
[2023-03-10 15:41:02.586] [info] DeGrooteFregly2016Muscle 'gaslat' is exceeding maximum contraction velocity at time 1.715 s.
[2023-03-10 15:41:03.765] [info] DeGrooteFregly2016Muscle 'gaslat' is exceeding maximum contraction velocity at time 1.715 s.
[2023-03-10 15:41:03.801] [info] DeGrooteFregly2016Muscle 'gaslat' is exceeding maximum contraction velocity at time 1.72333 s.
[2023-03-10 15:41:04.909] [info] DeGrooteFregly2016Muscle 'gaslat' is exceeding maximum contraction velocity at time 1.72333 s.
[2023-03-10 15:41:04.942] [info] DeGrooteFregly2016Muscle 'gaslat' is exceeding maximum contraction velocity at time 1.73167 s.
[2023-03-10 15:41:06.107] [info] DeGrooteFregly2016Muscle 'gaslat' is exceeding maximum contraction velocity at time 1.73167 s.
[2023-03-10 15:41:06.144] [info] DeGrooteFregly2016Muscle 'gaslat' is exceeding maximum contraction velocity at time 1.74 s.
[2023-03-10 15:41:07.360] [info] DeGrooteFregly2016Muscle 'gaslat' is exceeding maximum contraction velocity at time 1.74 s.
[2023-03-10 15:41:07.389] [info] DeGrooteFregly2016Muscle 'gaslat' is exceeding maximum contraction velocity at time 1.74833 s.
[2023-03-10 15:41:08.595] [info] DeGrooteFregly2016Muscle 'gaslat' is exceeding maximum contraction velocity at time 1.74833 s.
[2023-03-10 15:41:08.635] [info] DeGrooteFregly2016Muscle 'gaslat' is exceeding maximum contraction velocity at time 1.75667 s.
[2023-03-10 15:41:09.788] [info] DeGrooteFregly2016Muscle 'gaslat' is exceeding maximum contraction velocity at time 1.75667 s.
[2023-03-10 15:41:09.820] [info] DeGrooteFregly2016Muscle 'gaslat' is exceeding maximum contraction velocity at time 1.765 s.
[2023-03-10 15:41:10.944] [info] DeGrooteFregly2016Muscle 'gaslat' is exceeding maximum contraction velocity at time 1.765 s.
[2023-03-10 15:41:10.973] [info] DeGrooteFregly2016Muscle 'gaslat' is exceeding maximum contraction velocity at time 1.77333 s.
[2023-03-10 15:41:12.122] [info] DeGrooteFregly2016Muscle 'gaslat' is exceeding maximum contraction velocity at time 1.77333 s.
[2023-03-10 15:41:12.154] [info] DeGrooteFregly2016Muscle 'gaslat' is exceeding maximum contraction velocity at time 1.78167 s.
[2023-03-10 15:41:13.411] [info] DeGrooteFregly2016Muscle 'gaslat' is exceeding maximum contraction velocity at time 1.78167 s.
[2023-03-10 15:41:13.448] [info] DeGrooteFregly2016Muscle 'gaslat' is exceeding maximum contraction velocity at time 1.79 s.
[2023-03-10 15:41:14.607] [info] DeGrooteFregly2016Muscle 'gaslat' is exceeding maximum contraction velocity at time 1.79 s.
[2023-03-10 15:41:14.640] [info] DeGrooteFregly2016Muscle 'gaslat' is exceeding maximum contraction velocity at time 1.79833 s.
[2023-03-10 15:41:15.824] [info] DeGrooteFregly2016Muscle 'gaslat' is exceeding maximum contraction velocity at time 1.79833 s.
[2023-03-10 15:41:15.858] [info] DeGrooteFregly2016Muscle 'gaslat' is exceeding maximum contraction velocity at time 1.80667 s.
[2023-03-10 15:41:17.016] [info] DeGrooteFregly2016Muscle 'gaslat' is exceeding maximum contraction velocity at time 1.80667 s.
[2023-03-10 15:41:17.052] [info] DeGrooteFregly2016Muscle 'gaslat' is exceeding maximum contraction velocity at time 1.815 s.
[2023-03-10 15:41:18.209] [info] DeGrooteFregly2016Muscle 'gaslat' is exceeding maximum contraction velocity at time 1.815 s.
[2023-03-10 15:41:18.254] [info] DeGrooteFregly2016Muscle 'gaslat' is exceeding maximum contraction velocity at time 1.82333 s.
[2023-03-10 15:41:19.402] [info] DeGrooteFregly2016Muscle 'gaslat' is exceeding maximum contraction velocity at time 1.82333 s.
[2023-03-10 15:41:19.485] [info] DeGrooteFregly2016Muscle 'gaslat' is exceeding maximum contraction velocity at time 1.83167 s.
[2023-03-10 15:41:20.650] [info] DeGrooteFregly2016Muscle 'gaslat' is exceeding maximum contraction velocity at time 1.83167 s.
[2023-03-10 15:41:20.683] [info] DeGrooteFregly2016Muscle 'gaslat' is exceeding maximum contraction velocity at time 1.84 s.
[2023-03-10 15:41:21.789] [info] DeGrooteFregly2016Muscle 'gaslat' is exceeding maximum contraction velocity at time 1.84 s.
[2023-03-10 15:41:21.819] [info] DeGrooteFregly2016Muscle 'gaslat' is exceeding maximum contraction velocity at time 1.84833 s.
[2023-03-10 15:41:22.943] [info] DeGrooteFregly2016Muscle 'gaslat' is exceeding maximum contraction velocity at time 1.84833 s.
[2023-03-10 15:41:22.979] [info] DeGrooteFregly2016Muscle 'gaslat' is exceeding maximum contraction velocity at time 1.85667 s.
[2023-03-10 15:41:24.172] [info] DeGrooteFregly2016Muscle 'gaslat' is exceeding maximum contraction velocity at time 1.85667 s.
[2023-03-10 15:41:24.219] [info] DeGrooteFregly2016Muscle 'gaslat' is exceeding maximum contraction velocity at time 1.865 s.
[2023-03-10 15:41:25.343] [info] DeGrooteFregly2016Muscle 'gaslat' is exceeding maximum contraction velocity at time 1.865 s.
[2023-03-10 15:41:25.387] [info] DeGrooteFregly2016Muscle 'gaslat' is exceeding maximum contraction velocity at time 1.87333 s.
[2023-03-10 15:41:26.501] [info] DeGrooteFregly2016Muscle 'gaslat' is exceeding maximum contraction velocity at time 1.87333 s.
[2023-03-10 15:41:26.538] [info] DeGrooteFregly2016Muscle 'gaslat' is exceeding maximum contraction velocity at time 1.88167 s.
[2023-03-10 15:41:27.630] [info] DeGrooteFregly2016Muscle 'gaslat' is exceeding maximum contraction velocity at time 1.88167 s.
[2023-03-10 15:41:27.669] [info] DeGrooteFregly2016Muscle 'gaslat' is exceeding maximum contraction velocity at time 1.89 s.
[2023-03-10 15:41:28.789] [info] DeGrooteFregly2016Muscle 'gaslat' is exceeding maximum contraction velocity at time 1.89 s.
[2023-03-10 15:41:28.823] [info] DeGrooteFregly2016Muscle 'gaslat' is exceeding maximum contraction velocity at time 1.89833 s.
[2023-03-10 15:41:30.101] [info] DeGrooteFregly2016Muscle 'gaslat' is exceeding maximum contraction velocity at time 1.89833 s.
[2023-03-10 15:41:30.142] [info] DeGrooteFregly2016Muscle 'gaslat' is exceeding maximum contraction velocity at time 1.90667 s.
[2023-03-10 15:41:31.324] [info] DeGrooteFregly2016Muscle 'gaslat' is exceeding maximum contraction velocity at time 1.90667 s.
[2023-03-10 15:41:31.360] [info] DeGrooteFregly2016Muscle 'gaslat' is exceeding maximum contraction velocity at time 1.915 s.
[2023-03-10 15:41:32.501] [info] DeGrooteFregly2016Muscle 'gaslat' is exceeding maximum contraction velocity at time 1.915 s.
[2023-03-10 15:41:32.586] [info] DeGrooteFregly2016Muscle 'gaslat' is exceeding maximum contraction velocity at time 1.92333 s.
[2023-03-10 15:41:33.771] [info] DeGrooteFregly2016Muscle 'gaslat' is exceeding maximum contraction velocity at time 1.92333 s.
[2023-03-10 15:41:33.815] [info] DeGrooteFregly2016Muscle 'gaslat' is exceeding maximum contraction velocity at time 1.93167 s.
[2023-03-10 15:41:34.955] [info] DeGrooteFregly2016Muscle 'gaslat' is exceeding maximum contraction velocity at time 1.93167 s.
[2023-03-10 15:41:34.989] [info] DeGrooteFregly2016Muscle 'gaslat' is exceeding maximum contraction velocity at time 1.94 s.
[2023-03-10 15:41:36.138] [info] DeGrooteFregly2016Muscle 'gaslat' is exceeding maximum contraction velocity at time 1.94 s.
[2023-03-10 15:41:36.174] [info] DeGrooteFregly2016Muscle 'gaslat' is exceeding maximum contraction velocity at time 1.94833 s.
[2023-03-10 15:41:37.304] [info] DeGrooteFregly2016Muscle 'gaslat' is exceeding maximum contraction velocity at time 1.94833 s.
[2023-03-10 15:41:37.343] [info] DeGrooteFregly2016Muscle 'gaslat' is exceeding maximum contraction velocity at time 1.95667 s.
[2023-03-10 15:41:38.566] [info] DeGrooteFregly2016Muscle 'gaslat' is exceeding maximum contraction velocity at time 1.95667 s.
[2023-03-10 15:41:38.602] [info] DeGrooteFregly2016Muscle 'gaslat' is exceeding maximum contraction velocity at time 1.965 s.
[2023-03-10 15:41:39.735] [info] DeGrooteFregly2016Muscle 'gaslat' is exceeding maximum contraction velocity at time 1.965 s.
[2023-03-10 15:41:39.767] [info] DeGrooteFregly2016Muscle 'gaslat' is exceeding maximum contraction velocity at time 1.97333 s.
[2023-03-10 15:41:40.930] [info] DeGrooteFregly2016Muscle 'gaslat' is exceeding maximum contraction velocity at time 1.97333 s.
[2023-03-10 15:41:40.962] [info] DeGrooteFregly2016Muscle 'gaslat' is exceeding maximum contraction velocity at time 1.98167 s.
[2023-03-10 15:41:42.110] [info] DeGrooteFregly2016Muscle 'gaslat' is exceeding maximum contraction velocity at time 1.98167 s.
[2023-03-10 15:41:42.152] [info] DeGrooteFregly2016Muscle 'gaslat' is exceeding maximum contraction velocity at time 1.99 s.
[2023-03-10 15:41:43.304] [info] DeGrooteFregly2016Muscle 'gaslat' is exceeding maximum contraction velocity at time 1.99 s.
[2023-03-10 15:41:43.338] [info] DeGrooteFregly2016Muscle 'gaslat' is exceeding maximum contraction velocity at time 1.99833 s.
[2023-03-10 15:41:44.495] [info] DeGrooteFregly2016Muscle 'gaslat' is exceeding maximum contraction velocity at time 1.99833 s.
[2023-03-10 15:41:44.528] [info] DeGrooteFregly2016Muscle 'gaslat' is exceeding maximum contraction velocity at time 2.00667 s.
[2023-03-10 15:41:45.700] [info] DeGrooteFregly2016Muscle 'gaslat' is exceeding maximum contraction velocity at time 2.00667 s.
[2023-03-10 15:41:45.768] [info] DeGrooteFregly2016Muscle 'gaslat' is exceeding maximum contraction velocity at time 2.015 s.
[2023-03-10 15:41:46.917] [info] DeGrooteFregly2016Muscle 'gaslat' is exceeding maximum contraction velocity at time 2.015 s.
[2023-03-10 15:41:46.955] [info] DeGrooteFregly2016Muscle 'gaslat' is exceeding maximum contraction velocity at time 2.02333 s.
[2023-03-10 15:41:48.098] [info] DeGrooteFregly2016Muscle 'gaslat' is exceeding maximum contraction velocity at time 2.02333 s.
[2023-03-10 15:41:48.129] [info] DeGrooteFregly2016Muscle 'gaslat' is exceeding maximum contraction velocity at time 2.03167 s.
[2023-03-10 15:41:49.365] [info] DeGrooteFregly2016Muscle 'gaslat' is exceeding maximum contraction velocity at time 2.03167 s.
[2023-03-10 15:41:49.395] [info] DeGrooteFregly2016Muscle 'gaslat' is exceeding maximum contraction velocity at time 2.04 s.
[2023-03-10 15:41:50.589] [info] DeGrooteFregly2016Muscle 'gaslat' is exceeding maximum contraction velocity at time 2.04 s.
[2023-03-10 15:41:50.629] [info] DeGrooteFregly2016Muscle 'gaslat' is exceeding maximum contraction velocity at time 2.04833 s.
[2023-03-10 15:41:51.829] [info] DeGrooteFregly2016Muscle 'gaslat' is exceeding maximum contraction velocity at time 2.04833 s.
[2023-03-10 15:41:51.866] [info] DeGrooteFregly2016Muscle 'gaslat' is exceeding maximum contraction velocity at time 2.05667 s.
[2023-03-10 15:41:53.049] [info] DeGrooteFregly2016Muscle 'gaslat' is exceeding maximum contraction velocity at time 2.05667 s.
[2023-03-10 15:41:53.082] [info] DeGrooteFregly2016Muscle 'gaslat' is exceeding maximum contraction velocity at time 2.065 s.
[2023-03-10 15:41:54.371] [info] DeGrooteFregly2016Muscle 'gaslat' is exceeding maximum contraction velocity at time 2.065 s.
[2023-03-10 15:41:54.403] [info] DeGrooteFregly2016Muscle 'gaslat' is exceeding maximum contraction velocity at time 2.07333 s.
[2023-03-10 15:41:55.520] [info] DeGrooteFregly2016Muscle 'gaslat' is exceeding maximum contraction velocity at time 2.07333 s.
[2023-03-10 15:41:55.558] [info] DeGrooteFregly2016Muscle 'gaslat' is exceeding maximum contraction velocity at time 2.08167 s.
[2023-03-10 15:41:56.735] [info] DeGrooteFregly2016Muscle 'gaslat' is exceeding maximum contraction velocity at time 2.08167 s.
[2023-03-10 15:41:56.779] [info] DeGrooteFregly2016Muscle 'gaslat' is exceeding maximum contraction velocity at time 2.09 s.
[2023-03-10 15:41:57.985] [info] DeGrooteFregly2016Muscle 'gaslat' is exceeding maximum contraction velocity at time 2.09 s.
[2023-03-10 15:41:58.013] [info] DeGrooteFregly2016Muscle 'gaslat' is exceeding maximum contraction velocity at time 2.09833 s.
[2023-03-10 15:41:59.225] [info] DeGrooteFregly2016Muscle 'gaslat' is exceeding maximum contraction velocity at time 2.09833 s.
[2023-03-10 15:41:59.296] [info] DeGrooteFregly2016Muscle 'gaslat' is exceeding maximum contraction velocity at time 2.10667 s.
[2023-03-10 15:42:00.502] [info] DeGrooteFregly2016Muscle 'gaslat' is exceeding maximum contraction velocity at time 2.10667 s.
[2023-03-10 15:42:00.544] [info] DeGrooteFregly2016Muscle 'gaslat' is exceeding maximum contraction velocity at time 2.115 s.
[2023-03-10 15:42:01.739] [info] DeGrooteFregly2016Muscle 'gaslat' is exceeding maximum contraction velocity at time 2.115 s.
[2023-03-10 15:42:01.773] [info] DeGrooteFregly2016Muscle 'gaslat' is exceeding maximum contraction velocity at time 2.12333 s.
[2023-03-10 15:42:02.980] [info] DeGrooteFregly2016Muscle 'gaslat' is exceeding maximum contraction velocity at time 2.12333 s.
[2023-03-10 15:42:03.010] [info] DeGrooteFregly2016Muscle 'gaslat' is exceeding maximum contraction velocity at time 2.13167 s.
[2023-03-10 15:42:04.186] [info] DeGrooteFregly2016Muscle 'gaslat' is exceeding maximum contraction velocity at time 2.13167 s.
[2023-03-10 15:42:04.219] [info] DeGrooteFregly2016Muscle 'gaslat' is exceeding maximum contraction velocity at time 2.14 s.
[2023-03-10 15:42:05.558] [info] DeGrooteFregly2016Muscle 'gaslat' is exceeding maximum contraction velocity at time 2.14 s.
[2023-03-10 15:42:05.596] [info] DeGrooteFregly2016Muscle 'gaslat' is exceeding maximum contraction velocity at time 2.14833 s.
[2023-03-10 15:42:06.758] [info] DeGrooteFregly2016Muscle 'gaslat' is exceeding maximum contraction velocity at time 2.14833 s.
[2023-03-10 15:42:06.805] [info] DeGrooteFregly2016Muscle 'gaslat' is exceeding maximum contraction velocity at time 2.15667 s.
[2023-03-10 15:42:07.941] [info] DeGrooteFregly2016Muscle 'gaslat' is exceeding maximum contraction velocity at time 2.15667 s.
[2023-03-10 15:42:07.977] [info] DeGrooteFregly2016Muscle 'gaslat' is exceeding maximum contraction velocity at time 2.165 s.
[2023-03-10 15:42:09.189] [info] DeGrooteFregly2016Muscle 'gaslat' is exceeding maximum contraction velocity at time 2.165 s.
[2023-03-10 15:42:09.234] [info] DeGrooteFregly2016Muscle 'gaslat' is exceeding maximum contraction velocity at time 2.17333 s.
[2023-03-10 15:42:10.412] [info] DeGrooteFregly2016Muscle 'gaslat' is exceeding maximum contraction velocity at time 2.17333 s.
[2023-03-10 15:42:10.441] [info] DeGrooteFregly2016Muscle 'gaslat' is exceeding maximum contraction velocity at time 2.18167 s.
[2023-03-10 15:42:11.651] [info] DeGrooteFregly2016Muscle 'gaslat' is exceeding maximum contraction velocity at time 2.18167 s.
[2023-03-10 15:42:11.683] [info] DeGrooteFregly2016Muscle 'gaslat' is exceeding maximum contraction velocity at time 2.19 s.
[2023-03-10 15:42:12.846] [info] DeGrooteFregly2016Muscle 'gaslat' is exceeding maximum contraction velocity at time 2.19 s.
[2023-03-10 15:42:12.925] [info] DeGrooteFregly2016Muscle 'gaslat' is exceeding maximum contraction velocity at time 2.19833 s.
[2023-03-10 15:42:14.116] [info] DeGrooteFregly2016Muscle 'gaslat' is exceeding maximum contraction velocity at time 2.19833 s.
[2023-03-10 15:42:14.152] [info] DeGrooteFregly2016Muscle 'gaslat' is exceeding maximum contraction velocity at time 2.20667 s.
[2023-03-10 15:42:15.334] [info] DeGrooteFregly2016Muscle 'gaslat' is exceeding maximum contraction velocity at time 2.20667 s.
[2023-03-10 15:42:15.391] [info] DeGrooteFregly2016Muscle 'gaslat' is exceeding maximum contraction velocity at time 2.215 s.
[2023-03-10 15:42:16.601] [info] DeGrooteFregly2016Muscle 'gaslat' is exceeding maximum contraction velocity at time 2.215 s.
[2023-03-10 15:42:16.640] [info] DeGrooteFregly2016Muscle 'gaslat' is exceeding maximum contraction velocity at time 2.22333 s.
[2023-03-10 15:42:17.789] [info] DeGrooteFregly2016Muscle 'gaslat' is exceeding maximum contraction velocity at time 2.22333 s.
[2023-03-10 15:42:17.839] [info] DeGrooteFregly2016Muscle 'gaslat' is exceeding maximum contraction velocity at time 2.23167 s.
[2023-03-10 15:42:19.093] [info] DeGrooteFregly2016Muscle 'gaslat' is exceeding maximum contraction velocity at time 2.23167 s.
[2023-03-10 15:42:19.126] [info] DeGrooteFregly2016Muscle 'gaslat' is exceeding maximum contraction velocity at time 2.24 s.
[2023-03-10 15:42:20.293] [info] DeGrooteFregly2016Muscle 'gaslat' is exceeding maximum contraction velocity at time 2.24 s.
[2023-03-10 15:42:20.324] [info] DeGrooteFregly2016Muscle 'gaslat' is exceeding maximum contraction velocity at time 2.24833 s.
[2023-03-10 15:42:21.559] [info] DeGrooteFregly2016Muscle 'gaslat' is exceeding maximum contraction velocity at time 2.24833 s.
[2023-03-10 15:42:21.596] [info] DeGrooteFregly2016Muscle 'gaslat' is exceeding maximum contraction velocity at time 2.25667 s.
[2023-03-10 15:42:22.744] [info] DeGrooteFregly2016Muscle 'gaslat' is exceeding maximum contraction velocity at time 2.25667 s.
[2023-03-10 15:42:22.787] [info] DeGrooteFregly2016Muscle 'gaslat' is exceeding maximum contraction velocity at time 2.265 s.
[2023-03-10 15:42:23.976] [info] DeGrooteFregly2016Muscle 'gaslat' is exceeding maximum contraction velocity at time 2.265 s.
[2023-03-10 15:42:24.008] [info] DeGrooteFregly2016Muscle 'gaslat' is exceeding maximum contraction velocity at time 2.27333 s.
[2023-03-10 15:42:25.259] [info] DeGrooteFregly2016Muscle 'gaslat' is exceeding maximum contraction velocity at time 2.27333 s.
[2023-03-10 15:42:25.294] [info] DeGrooteFregly2016Muscle 'gaslat' is exceeding maximum contraction velocity at time 2.28167 s.
[2023-03-10 15:42:26.478] [info] DeGrooteFregly2016Muscle 'gaslat' is exceeding maximum contraction velocity at time 2.28167 s.
[2023-03-10 15:42:26.527] [info] DeGrooteFregly2016Muscle 'gaslat' is exceeding maximum contraction velocity at time 2.29 s.
[2023-03-10 15:42:27.743] [info] DeGrooteFregly2016Muscle 'gaslat' is exceeding maximum contraction velocity at time 2.29 s.
[2023-03-10 15:42:27.777] [info] DeGrooteFregly2016Muscle 'gaslat' is exceeding maximum contraction velocity at time 2.29833 s.
[2023-03-10 15:42:28.906] [info] DeGrooteFregly2016Muscle 'gaslat' is exceeding maximum contraction velocity at time 2.29833 s.
[2023-03-10 15:42:28.940] [info] DeGrooteFregly2016Muscle 'gaslat' is exceeding maximum contraction velocity at time 2.30667 s.
[2023-03-10 15:42:30.131] [info] DeGrooteFregly2016Muscle 'gaslat' is exceeding maximum contraction velocity at time 2.30667 s.
[2023-03-10 15:42:30.170] [info] DeGrooteFregly2016Muscle 'gaslat' is exceeding maximum contraction velocity at time 2.315 s.
[2023-03-10 15:42:31.338] [info] DeGrooteFregly2016Muscle 'gaslat' is exceeding maximum contraction velocity at time 2.315 s.
[2023-03-10 15:42:31.371] [info] DeGrooteFregly2016Muscle 'gaslat' is exceeding maximum contraction velocity at time 2.32333 s.
[2023-03-10 15:42:32.516] [info] DeGrooteFregly2016Muscle 'gaslat' is exceeding maximum contraction velocity at time 2.32333 s.
[2023-03-10 15:42:32.546] [info] DeGrooteFregly2016Muscle 'gaslat' is exceeding maximum contraction velocity at time 2.33167 s.
[2023-03-10 15:42:33.717] [info] DeGrooteFregly2016Muscle 'gaslat' is exceeding maximum contraction velocity at time 2.33167 s.
[2023-03-10 15:42:33.745] [info] DeGrooteFregly2016Muscle 'gaslat' is exceeding maximum contraction velocity at time 2.34 s.
[2023-03-10 15:42:34.944] [info] DeGrooteFregly2016Muscle 'gaslat' is exceeding maximum contraction velocity at time 2.34 s.
[2023-03-10 15:42:34.981] [info] DeGrooteFregly2016Muscle 'gaslat' is exceeding maximum contraction velocity at time 2.34833 s.
[2023-03-10 15:42:36.181] [info] DeGrooteFregly2016Muscle 'gaslat' is exceeding maximum contraction velocity at time 2.34833 s.
[2023-03-10 15:42:36.229] [info] DeGrooteFregly2016Muscle 'gaslat' is exceeding maximum contraction velocity at time 2.35667 s.
[2023-03-10 15:42:37.452] [info] DeGrooteFregly2016Muscle 'gaslat' is exceeding maximum contraction velocity at time 2.35667 s.
[2023-03-10 15:42:37.487] [info] DeGrooteFregly2016Muscle 'gaslat' is exceeding maximum contraction velocity at time 2.365 s.
[2023-03-10 15:42:38.710] [info] DeGrooteFregly2016Muscle 'gaslat' is exceeding maximum contraction velocity at time 2.365 s.
[2023-03-10 15:42:38.749] [info] DeGrooteFregly2016Muscle 'gaslat' is exceeding maximum contraction velocity at time 2.37333 s.
[2023-03-10 15:42:39.873] [info] DeGrooteFregly2016Muscle 'gaslat' is exceeding maximum contraction velocity at time 2.37333 s.
[2023-03-10 15:42:45.841] [info] DeGrooteFregly2016Muscle 'gaslat' is exceeding maximum contraction velocity at time 2.42333 s.
[2023-03-10 15:42:47.001] [info] DeGrooteFregly2016Muscle 'gaslat' is exceeding maximum contraction velocity at time 2.42333 s.
[2023-03-10 15:42:47.035] [info] DeGrooteFregly2016Muscle 'gaslat' is exceeding maximum contraction velocity at time 2.43167 s.
[2023-03-10 15:42:48.197] [info] DeGrooteFregly2016Muscle 'gaslat' is exceeding maximum contraction velocity at time 2.43167 s.
[2023-03-10 15:42:48.237] [info] DeGrooteFregly2016Muscle 'gaslat' is exceeding maximum contraction velocity at time 2.44 s.
[2023-03-10 15:42:49.401] [info] DeGrooteFregly2016Muscle 'gaslat' is exceeding maximum contraction velocity at time 2.44 s.
[2023-03-10 15:42:49.440] [info] DeGrooteFregly2016Muscle 'gaslat' is exceeding maximum contraction velocity at time 2.44833 s.
[2023-03-10 15:42:50.643] [info] DeGrooteFregly2016Muscle 'gaslat' is exceeding maximum contraction velocity at time 2.44833 s.
[2023-03-10 15:42:50.681] [info] DeGrooteFregly2016Muscle 'gaslat' is exceeding maximum contraction velocity at time 2.45667 s.
[2023-03-10 15:42:51.876] [info] DeGrooteFregly2016Muscle 'gaslat' is exceeding maximum contraction velocity at time 2.45667 s.
[2023-03-10 15:42:51.913] [info] DeGrooteFregly2016Muscle 'gaslat' is exceeding maximum contraction velocity at time 2.465 s.
[2023-03-10 15:42:53.093] [info] DeGrooteFregly2016Muscle 'gaslat' is exceeding maximum contraction velocity at time 2.465 s.
[2023-03-10 15:42:53.130] [info] DeGrooteFregly2016Muscle 'gaslat' is exceeding maximum contraction velocity at time 2.47333 s.
[2023-03-10 15:42:54.242] [info] DeGrooteFregly2016Muscle 'gaslat' is exceeding maximum contraction velocity at time 2.47333 s.
[2023-03-10 15:42:54.309] [info] DeGrooteFregly2016Muscle 'gaslat' is exceeding maximum contraction velocity at time 2.48167 s.
[2023-03-10 15:42:55.410] [info] DeGrooteFregly2016Muscle 'gaslat' is exceeding maximum contraction velocity at time 2.48167 s.
[2023-03-10 15:42:55.447] [info] DeGrooteFregly2016Muscle 'gaslat' is exceeding maximum contraction velocity at time 2.49 s.
[2023-03-10 15:42:56.572] [info] DeGrooteFregly2016Muscle 'gaslat' is exceeding maximum contraction velocity at time 2.49 s.
[2023-03-10 15:42:56.611] [info] DeGrooteFregly2016Muscle 'gaslat' is exceeding maximum contraction velocity at time 2.49833 s.
[2023-03-10 15:42:57.764] [info] DeGrooteFregly2016Muscle 'gaslat' is exceeding maximum contraction velocity at time 2.49833 s.
[2023-03-10 15:42:57.799] [info] DeGrooteFregly2016Muscle 'gaslat' is exceeding maximum contraction velocity at time 2.50667 s.
[2023-03-10 15:42:58.956] [info] DeGrooteFregly2016Muscle 'gaslat' is exceeding maximum contraction velocity at time 2.50667 s.
[2023-03-10 15:42:58.994] [info] DeGrooteFregly2016Muscle 'gaslat' is exceeding maximum contraction velocity at time 2.515 s.
[2023-03-10 15:43:00.078] [info] DeGrooteFregly2016Muscle 'gaslat' is exceeding maximum contraction velocity at time 2.515 s.
[2023-03-10 15:43:00.115] [info] DeGrooteFregly2016Muscle 'gaslat' is exceeding maximum contraction velocity at time 2.52333 s.
[2023-03-10 15:43:01.249] [info] DeGrooteFregly2016Muscle 'gaslat' is exceeding maximum contraction velocity at time 2.52333 s.
[2023-03-10 15:43:01.280] [info] DeGrooteFregly2016Muscle 'gaslat' is exceeding maximum contraction velocity at time 2.53167 s.
[2023-03-10 15:43:02.420] [info] DeGrooteFregly2016Muscle 'gaslat' is exceeding maximum contraction velocity at time 2.53167 s.
[2023-03-10 15:43:02.457] [info] DeGrooteFregly2016Muscle 'gaslat' is exceeding maximum contraction velocity at time 2.54 s.
[2023-03-10 15:43:03.563] [info] DeGrooteFregly2016Muscle 'gaslat' is exceeding maximum contraction velocity at time 2.54 s.
[2023-03-10 15:43:03.610] [info] DeGrooteFregly2016Muscle 'gaslat' is exceeding maximum contraction velocity at time 2.54833 s.
[2023-03-10 15:43:04.741] [info] DeGrooteFregly2016Muscle 'gaslat' is exceeding maximum contraction velocity at time 2.54833 s.
[2023-03-10 15:43:04.774] [info] DeGrooteFregly2016Muscle 'gaslat' is exceeding maximum contraction velocity at time 2.55667 s.
[2023-03-10 15:43:05.919] [info] DeGrooteFregly2016Muscle 'gaslat' is exceeding maximum contraction velocity at time 2.55667 s.
[2023-03-10 15:43:05.948] [info] DeGrooteFregly2016Muscle 'gaslat' is exceeding maximum contraction velocity at time 2.565 s.
[2023-03-10 15:43:07.105] [info] DeGrooteFregly2016Muscle 'gaslat' is exceeding maximum contraction velocity at time 2.565 s.
[2023-03-10 15:43:07.179] [info] DeGrooteFregly2016Muscle 'gaslat' is exceeding maximum contraction velocity at time 2.57333 s.
[2023-03-10 15:43:08.307] [info] DeGrooteFregly2016Muscle 'gaslat' is exceeding maximum contraction velocity at time 2.57333 s.
[2023-03-10 15:43:08.338] [info] DeGrooteFregly2016Muscle 'gaslat' is exceeding maximum contraction velocity at time 2.58167 s.
[2023-03-10 15:43:09.498] [info] DeGrooteFregly2016Muscle 'gaslat' is exceeding maximum contraction velocity at time 2.58167 s.
[2023-03-10 15:43:09.533] [info] DeGrooteFregly2016Muscle 'gaslat' is exceeding maximum contraction velocity at time 2.59 s.
[2023-03-10 15:43:10.784] [info] DeGrooteFregly2016Muscle 'gaslat' is exceeding maximum contraction velocity at time 2.59 s.
[2023-03-10 15:43:10.813] [info] DeGrooteFregly2016Muscle 'gaslat' is exceeding maximum contraction velocity at time 2.59833 s.
[2023-03-10 15:43:11.940] [info] DeGrooteFregly2016Muscle 'gaslat' is exceeding maximum contraction velocity at time 2.59833 s.
[2023-03-10 15:43:11.974] [info] DeGrooteFregly2016Muscle 'gaslat' is exceeding maximum contraction velocity at time 2.60667 s.
[2023-03-10 15:43:13.095] [info] DeGrooteFregly2016Muscle 'gaslat' is exceeding maximum contraction velocity at time 2.60667 s.
[2023-03-10 15:43:13.124] [info] DeGrooteFregly2016Muscle 'gaslat' is exceeding maximum contraction velocity at time 2.615 s.
[2023-03-10 15:43:14.235] [info] DeGrooteFregly2016Muscle 'gaslat' is exceeding maximum contraction velocity at time 2.615 s.
[2023-03-10 15:43:14.300] [info] DeGrooteFregly2016Muscle 'gaslat' is exceeding maximum contraction velocity at time 2.62333 s.
[2023-03-10 15:43:15.438] [info] DeGrooteFregly2016Muscle 'gaslat' is exceeding maximum contraction velocity at time 2.62333 s.
[2023-03-10 15:43:15.476] [info] DeGrooteFregly2016Muscle 'gaslat' is exceeding maximum contraction velocity at time 2.63167 s.
[2023-03-10 15:43:16.626] [info] DeGrooteFregly2016Muscle 'gaslat' is exceeding maximum contraction velocity at time 2.63167 s.
[2023-03-10 15:43:16.657] [info] DeGrooteFregly2016Muscle 'gaslat' is exceeding maximum contraction velocity at time 2.64 s.
[2023-03-10 15:43:17.776] [info] DeGrooteFregly2016Muscle 'gaslat' is exceeding maximum contraction velocity at time 2.64 s.
[2023-03-10 15:43:17.809] [info] DeGrooteFregly2016Muscle 'gaslat' is exceeding maximum contraction velocity at time 2.64833 s.
[2023-03-10 15:43:19.077] [info] DeGrooteFregly2016Muscle 'gaslat' is exceeding maximum contraction velocity at time 2.64833 s.
[2023-03-10 15:43:19.110] [info] DeGrooteFregly2016Muscle 'gaslat' is exceeding maximum contraction velocity at time 2.65667 s.
[2023-03-10 15:43:20.287] [info] DeGrooteFregly2016Muscle 'gaslat' is exceeding maximum contraction velocity at time 2.65667 s.
[2023-03-10 15:43:20.318] [info] DeGrooteFregly2016Muscle 'gaslat' is exceeding maximum contraction velocity at time 2.665 s.
[2023-03-10 15:43:21.522] [info] DeGrooteFregly2016Muscle 'gaslat' is exceeding maximum contraction velocity at time 2.665 s.
[2023-03-10 15:43:21.588] [info] DeGrooteFregly2016Muscle 'gaslat' is exceeding maximum contraction velocity at time 2.67333 s.
[2023-03-10 15:43:22.735] [info] DeGrooteFregly2016Muscle 'gaslat' is exceeding maximum contraction velocity at time 2.67333 s.
[2023-03-10 15:43:22.772] [info] DeGrooteFregly2016Muscle 'gaslat' is exceeding maximum contraction velocity at time 2.68167 s.
[2023-03-10 15:43:23.931] [info] DeGrooteFregly2016Muscle 'gaslat' is exceeding maximum contraction velocity at time 2.68167 s.
[2023-03-10 15:43:23.967] [info] DeGrooteFregly2016Muscle 'gaslat' is exceeding maximum contraction velocity at time 2.69 s.
[2023-03-10 15:43:25.152] [info] DeGrooteFregly2016Muscle 'gaslat' is exceeding maximum contraction velocity at time 2.69 s.
[2023-03-10 15:43:25.180] [info] DeGrooteFregly2016Muscle 'gaslat' is exceeding maximum contraction velocity at time 2.69833 s.
[2023-03-10 15:43:26.425] [info] DeGrooteFregly2016Muscle 'gaslat' is exceeding maximum contraction velocity at time 2.69833 s.
[2023-03-10 15:43:26.463] [info] DeGrooteFregly2016Muscle 'gaslat' is exceeding maximum contraction velocity at time 2.70667 s.
[2023-03-10 15:43:27.637] [info] DeGrooteFregly2016Muscle 'gaslat' is exceeding maximum contraction velocity at time 2.70667 s.
[2023-03-10 15:43:27.674] [info] DeGrooteFregly2016Muscle 'gaslat' is exceeding maximum contraction velocity at time 2.715 s.
[2023-03-10 15:43:28.927] [info] DeGrooteFregly2016Muscle 'gaslat' is exceeding maximum contraction velocity at time 2.715 s.
[2023-03-10 15:43:28.964] [info] DeGrooteFregly2016Muscle 'gaslat' is exceeding maximum contraction velocity at time 2.72333 s.
[2023-03-10 15:43:30.106] [info] DeGrooteFregly2016Muscle 'gaslat' is exceeding maximum contraction velocity at time 2.72333 s.
[2023-03-10 15:43:30.141] [info] DeGrooteFregly2016Muscle 'gaslat' is exceeding maximum contraction velocity at time 2.73167 s.
[2023-03-10 15:43:31.322] [info] DeGrooteFregly2016Muscle 'gaslat' is exceeding maximum contraction velocity at time 2.73167 s.
[2023-03-10 15:43:31.360] [info] DeGrooteFregly2016Muscle 'gaslat' is exceeding maximum contraction velocity at time 2.74 s.
[2023-03-10 15:43:32.627] [info] DeGrooteFregly2016Muscle 'gaslat' is exceeding maximum contraction velocity at time 2.74 s.
[2023-03-10 15:43:32.664] [info] DeGrooteFregly2016Muscle 'gaslat' is exceeding maximum contraction velocity at time 2.74833 s.
[2023-03-10 15:43:33.854] [info] DeGrooteFregly2016Muscle 'gaslat' is exceeding maximum contraction velocity at time 2.74833 s.
[2023-03-10 15:43:33.889] [info] DeGrooteFregly2016Muscle 'gaslat' is exceeding maximum contraction velocity at time 2.75667 s.
[2023-03-10 15:43:35.094] [info] DeGrooteFregly2016Muscle 'gaslat' is exceeding maximum contraction velocity at time 2.75667 s.
[2023-03-10 15:43:35.144] [info] DeGrooteFregly2016Muscle 'gaslat' is exceeding maximum contraction velocity at time 2.765 s.
[2023-03-10 15:43:36.324] [info] DeGrooteFregly2016Muscle 'gaslat' is exceeding maximum contraction velocity at time 2.765 s.
[2023-03-10 15:43:36.397] [info] DeGrooteFregly2016Muscle 'gaslat' is exceeding maximum contraction velocity at time 2.77333 s.
[2023-03-10 15:43:37.547] [info] DeGrooteFregly2016Muscle 'gaslat' is exceeding maximum contraction velocity at time 2.77333 s.
[2023-03-10 15:43:37.584] [info] DeGrooteFregly2016Muscle 'gaslat' is exceeding maximum contraction velocity at time 2.78167 s.
[2023-03-10 15:43:38.700] [info] DeGrooteFregly2016Muscle 'gaslat' is exceeding maximum contraction velocity at time 2.78167 s.
[2023-03-10 15:43:38.731] [info] DeGrooteFregly2016Muscle 'gaslat' is exceeding maximum contraction velocity at time 2.79 s.
[2023-03-10 15:43:39.889] [info] DeGrooteFregly2016Muscle 'gaslat' is exceeding maximum contraction velocity at time 2.79 s.
[2023-03-10 15:43:39.921] [info] DeGrooteFregly2016Muscle 'gaslat' is exceeding maximum contraction velocity at time 2.79833 s.
[2023-03-10 15:43:41.051] [info] DeGrooteFregly2016Muscle 'gaslat' is exceeding maximum contraction velocity at time 2.79833 s.
[2023-03-10 15:43:41.089] [info] DeGrooteFregly2016Muscle 'gaslat' is exceeding maximum contraction velocity at time 2.80667 s.
[2023-03-10 15:43:42.207] [info] DeGrooteFregly2016Muscle 'gaslat' is exceeding maximum contraction velocity at time 2.80667 s.
[2023-03-10 15:43:42.247] [info] DeGrooteFregly2016Muscle 'gaslat' is exceeding maximum contraction velocity at time 2.815 s.
[2023-03-10 15:43:43.385] [info] DeGrooteFregly2016Muscle 'gaslat' is exceeding maximum contraction velocity at time 2.815 s.
[2023-03-10 15:43:43.418] [info] DeGrooteFregly2016Muscle 'gaslat' is exceeding maximum contraction velocity at time 2.82333 s.
[2023-03-10 15:43:44.551] [info] DeGrooteFregly2016Muscle 'gaslat' is exceeding maximum contraction velocity at time 2.82333 s.
[2023-03-10 15:43:44.581] [info] DeGrooteFregly2016Muscle 'gaslat' is exceeding maximum contraction velocity at time 2.83167 s.
[2023-03-10 15:43:45.747] [info] DeGrooteFregly2016Muscle 'gaslat' is exceeding maximum contraction velocity at time 2.83167 s.
[2023-03-10 15:43:45.775] [info] DeGrooteFregly2016Muscle 'gaslat' is exceeding maximum contraction velocity at time 2.84 s.
[2023-03-10 15:43:47.078] [info] DeGrooteFregly2016Muscle 'gaslat' is exceeding maximum contraction velocity at time 2.84 s.
[2023-03-10 15:43:47.116] [info] DeGrooteFregly2016Muscle 'gaslat' is exceeding maximum contraction velocity at time 2.84833 s.
[2023-03-10 15:43:48.275] [info] DeGrooteFregly2016Muscle 'gaslat' is exceeding maximum contraction velocity at time 2.84833 s.
[2023-03-10 15:43:48.308] [info] DeGrooteFregly2016Muscle 'gaslat' is exceeding maximum contraction velocity at time 2.85667 s.
[2023-03-10 15:43:49.423] [info] DeGrooteFregly2016Muscle 'gaslat' is exceeding maximum contraction velocity at time 2.85667 s.
[2023-03-10 15:43:49.458] [info] DeGrooteFregly2016Muscle 'gaslat' is exceeding maximum contraction velocity at time 2.865 s.
[2023-03-10 15:43:50.567] [info] DeGrooteFregly2016Muscle 'gaslat' is exceeding maximum contraction velocity at time 2.865 s.
[2023-03-10 15:43:50.650] [info] DeGrooteFregly2016Muscle 'gaslat' is exceeding maximum contraction velocity at time 2.87333 s.
[2023-03-10 15:43:51.849] [info] DeGrooteFregly2016Muscle 'gaslat' is exceeding maximum contraction velocity at time 2.87333 s.
[2023-03-10 15:43:51.881] [info] DeGrooteFregly2016Muscle 'gaslat' is exceeding maximum contraction velocity at time 2.88167 s.
[2023-03-10 15:43:52.995] [info] DeGrooteFregly2016Muscle 'gaslat' is exceeding maximum contraction velocity at time 2.88167 s.
[2023-03-10 15:43:53.031] [info] DeGrooteFregly2016Muscle 'gaslat' is exceeding maximum contraction velocity at time 2.89 s.
[2023-03-10 15:43:54.307] [info] DeGrooteFregly2016Muscle 'gaslat' is exceeding maximum contraction velocity at time 2.89 s.
[2023-03-10 15:43:54.351] [info] DeGrooteFregly2016Muscle 'gaslat' is exceeding maximum contraction velocity at time 2.89833 s.
[2023-03-10 15:43:55.528] [info] DeGrooteFregly2016Muscle 'gaslat' is exceeding maximum contraction velocity at time 2.89833 s.
[2023-03-10 15:43:55.563] [info] DeGrooteFregly2016Muscle 'gaslat' is exceeding maximum contraction velocity at time 2.90667 s.
[2023-03-10 15:43:56.813] [info] DeGrooteFregly2016Muscle 'gaslat' is exceeding maximum contraction velocity at time 2.90667 s.
[2023-03-10 15:43:56.851] [info] DeGrooteFregly2016Muscle 'gaslat' is exceeding maximum contraction velocity at time 2.915 s.
[2023-03-10 15:43:58.202] [info] DeGrooteFregly2016Muscle 'gaslat' is exceeding maximum contraction velocity at time 2.915 s.
[2023-03-10 15:43:58.239] [info] DeGrooteFregly2016Muscle 'gaslat' is exceeding maximum contraction velocity at time 2.92333 s.
[2023-03-10 15:43:59.481] [info] DeGrooteFregly2016Muscle 'gaslat' is exceeding maximum contraction velocity at time 2.92333 s.
[2023-03-10 15:43:59.519] [info] DeGrooteFregly2016Muscle 'gaslat' is exceeding maximum contraction velocity at time 2.93167 s.
[2023-03-10 15:44:00.801] [info] DeGrooteFregly2016Muscle 'gaslat' is exceeding maximum contraction velocity at time 2.93167 s.
[2023-03-10 15:44:00.830] [info] DeGrooteFregly2016Muscle 'gaslat' is exceeding maximum contraction velocity at time 2.94 s.
[2023-03-10 15:44:02.145] [info] DeGrooteFregly2016Muscle 'gaslat' is exceeding maximum contraction velocity at time 2.94 s.
[2023-03-10 15:44:02.188] [info] DeGrooteFregly2016Muscle 'gaslat' is exceeding maximum contraction velocity at time 2.94833 s.
[2023-03-10 15:44:03.343] [info] DeGrooteFregly2016Muscle 'gaslat' is exceeding maximum contraction velocity at time 2.94833 s.
[2023-03-10 15:44:03.382] [info] DeGrooteFregly2016Muscle 'gaslat' is exceeding maximum contraction velocity at time 2.95667 s.
[2023-03-10 15:44:04.637] [info] DeGrooteFregly2016Muscle 'gaslat' is exceeding maximum contraction velocity at time 2.95667 s.
[2023-03-10 15:44:04.676] [info] DeGrooteFregly2016Muscle 'gaslat' is exceeding maximum contraction velocity at time 2.965 s.
[2023-03-10 15:44:05.815] [info] DeGrooteFregly2016Muscle 'gaslat' is exceeding maximum contraction velocity at time 2.965 s.
[2023-03-10 15:44:05.898] [info] DeGrooteFregly2016Muscle 'gaslat' is exceeding maximum contraction velocity at time 2.97333 s.
[2023-03-10 15:44:07.067] [info] DeGrooteFregly2016Muscle 'gaslat' is exceeding maximum contraction velocity at time 2.97333 s.
[2023-03-10 15:44:07.110] [info] DeGrooteFregly2016Muscle 'gaslat' is exceeding maximum contraction velocity at time 2.98167 s.
[2023-03-10 15:44:08.278] [info] DeGrooteFregly2016Muscle 'gaslat' is exceeding maximum contraction velocity at time 2.98167 s.
[2023-03-10 15:44:08.313] [info] DeGrooteFregly2016Muscle 'gaslat' is exceeding maximum contraction velocity at time 2.99 s.
[2023-03-10 15:44:09.477] [info] DeGrooteFregly2016Muscle 'gaslat' is exceeding maximum contraction velocity at time 2.99 s.
[2023-03-10 15:44:09.516] [info] DeGrooteFregly2016Muscle 'gaslat' is exceeding maximum contraction velocity at time 2.99833 s.
[2023-03-10 15:44:10.665] [info] DeGrooteFregly2016Muscle 'gaslat' is exceeding maximum contraction velocity at time 2.99833 s.
[2023-03-10 15:44:10.702] [info] DeGrooteFregly2016Muscle 'gaslat' is exceeding maximum contraction velocity at time 3.00667 s.
[2023-03-10 15:44:11.871] [info] DeGrooteFregly2016Muscle 'gaslat' is exceeding maximum contraction velocity at time 3.00667 s.
[2023-03-10 15:44:11.911] [info] DeGrooteFregly2016Muscle 'gaslat' is exceeding maximum contraction velocity at time 3.015 s.
[2023-03-10 15:44:13.046] [info] DeGrooteFregly2016Muscle 'gaslat' is exceeding maximum contraction velocity at time 3.015 s.
[2023-03-10 15:44:13.076] [info] DeGrooteFregly2016Muscle 'gaslat' is exceeding maximum contraction velocity at time 3.02333 s.
[2023-03-10 15:44:14.167] [info] DeGrooteFregly2016Muscle 'gaslat' is exceeding maximum contraction velocity at time 3.02333 s.
[2023-03-10 15:44:14.198] [info] DeGrooteFregly2016Muscle 'gaslat' is exceeding maximum contraction velocity at time 3.03167 s.
[2023-03-10 15:44:15.639] [info] DeGrooteFregly2016Muscle 'gaslat' is exceeding maximum contraction velocity at time 3.03167 s.
[2023-03-10 15:44:15.669] [info] DeGrooteFregly2016Muscle 'gaslat' is exceeding maximum contraction velocity at time 3.04 s.
[2023-03-10 15:44:16.809] [info] DeGrooteFregly2016Muscle 'gaslat' is exceeding maximum contraction velocity at time 3.04 s.
[2023-03-10 15:44:16.839] [info] DeGrooteFregly2016Muscle 'gaslat' is exceeding maximum contraction velocity at time 3.04833 s.
[2023-03-10 15:44:17.977] [info] DeGrooteFregly2016Muscle 'gaslat' is exceeding maximum contraction velocity at time 3.04833 s.
[2023-03-10 15:44:18.011] [info] DeGrooteFregly2016Muscle 'gaslat' is exceeding maximum contraction velocity at time 3.05667 s.
[2023-03-10 15:44:19.146] [info] DeGrooteFregly2016Muscle 'gaslat' is exceeding maximum contraction velocity at time 3.05667 s.
[2023-03-10 15:44:19.182] [info] DeGrooteFregly2016Muscle 'gaslat' is exceeding maximum contraction velocity at time 3.065 s.
[2023-03-10 15:44:20.284] [info] DeGrooteFregly2016Muscle 'gaslat' is exceeding maximum contraction velocity at time 3.065 s.
[2023-03-10 15:44:20.359] [info] DeGrooteFregly2016Muscle 'gaslat' is exceeding maximum contraction velocity at time 3.07333 s.
[2023-03-10 15:44:21.513] [info] DeGrooteFregly2016Muscle 'gaslat' is exceeding maximum contraction velocity at time 3.07333 s.
[2023-03-10 15:44:21.551] [info] DeGrooteFregly2016Muscle 'gaslat' is exceeding maximum contraction velocity at time 3.08167 s.
[2023-03-10 15:44:22.951] [info] DeGrooteFregly2016Muscle 'gaslat' is exceeding maximum contraction velocity at time 3.08167 s.
[2023-03-10 15:44:22.993] [info] DeGrooteFregly2016Muscle 'gaslat' is exceeding maximum contraction velocity at time 3.09 s.
[2023-03-10 15:44:24.267] [info] DeGrooteFregly2016Muscle 'gaslat' is exceeding maximum contraction velocity at time 3.09 s.
[2023-03-10 15:44:24.307] [info] DeGrooteFregly2016Muscle 'gaslat' is exceeding maximum contraction velocity at time 3.09833 s.
[2023-03-10 15:44:25.476] [info] DeGrooteFregly2016Muscle 'gaslat' is exceeding maximum contraction velocity at time 3.09833 s.
[2023-03-10 15:44:25.512] [info] DeGrooteFregly2016Muscle 'gaslat' is exceeding maximum contraction velocity at time 3.10667 s.
[2023-03-10 15:44:26.661] [info] DeGrooteFregly2016Muscle 'gaslat' is exceeding maximum contraction velocity at time 3.10667 s.
[2023-03-10 15:44:26.710] [info] DeGrooteFregly2016Muscle 'gaslat' is exceeding maximum contraction velocity at time 3.115 s.
[2023-03-10 15:44:27.853] [info] DeGrooteFregly2016Muscle 'gaslat' is exceeding maximum contraction velocity at time 3.115 s.
[2023-03-10 15:44:27.902] [info] DeGrooteFregly2016Muscle 'gaslat' is exceeding maximum contraction velocity at time 3.12333 s.
[2023-03-10 15:44:29.049] [info] DeGrooteFregly2016Muscle 'gaslat' is exceeding maximum contraction velocity at time 3.12333 s.
[2023-03-10 15:44:29.078] [info] DeGrooteFregly2016Muscle 'gaslat' is exceeding maximum contraction velocity at time 3.13167 s.
[2023-03-10 15:44:30.293] [info] DeGrooteFregly2016Muscle 'gaslat' is exceeding maximum contraction velocity at time 3.13167 s.
[2023-03-10 15:44:30.325] [info] DeGrooteFregly2016Muscle 'gaslat' is exceeding maximum contraction velocity at time 3.14 s.
[2023-03-10 15:44:31.481] [info] DeGrooteFregly2016Muscle 'gaslat' is exceeding maximum contraction velocity at time 3.14 s.
[2023-03-10 15:44:31.515] [info] DeGrooteFregly2016Muscle 'gaslat' is exceeding maximum contraction velocity at time 3.14833 s.
[2023-03-10 15:44:32.708] [info] DeGrooteFregly2016Muscle 'gaslat' is exceeding maximum contraction velocity at time 3.14833 s.
[2023-03-10 15:44:32.752] [info] DeGrooteFregly2016Muscle 'gaslat' is exceeding maximum contraction velocity at time 3.15667 s.
[2023-03-10 15:44:33.917] [info] DeGrooteFregly2016Muscle 'gaslat' is exceeding maximum contraction velocity at time 3.15667 s.
[2023-03-10 15:44:33.955] [info] DeGrooteFregly2016Muscle 'gaslat' is exceeding maximum contraction velocity at time 3.165 s.
[2023-03-10 15:44:35.083] [info] DeGrooteFregly2016Muscle 'gaslat' is exceeding maximum contraction velocity at time 3.165 s.
[2023-03-10 15:44:35.151] [info] DeGrooteFregly2016Muscle 'gaslat' is exceeding maximum contraction velocity at time 3.17333 s.
[2023-03-10 15:44:36.255] [info] DeGrooteFregly2016Muscle 'gaslat' is exceeding maximum contraction velocity at time 3.17333 s.
[2023-03-10 15:44:36.293] [info] DeGrooteFregly2016Muscle 'gaslat' is exceeding maximum contraction velocity at time 3.18167 s.
[2023-03-10 15:44:37.420] [info] DeGrooteFregly2016Muscle 'gaslat' is exceeding maximum contraction velocity at time 3.18167 s.
[2023-03-10 15:44:37.455] [info] DeGrooteFregly2016Muscle 'gaslat' is exceeding maximum contraction velocity at time 3.19 s.
[2023-03-10 15:44:38.578] [info] DeGrooteFregly2016Muscle 'gaslat' is exceeding maximum contraction velocity at time 3.19 s.
[2023-03-10 15:44:38.620] [info] DeGrooteFregly2016Muscle 'gaslat' is exceeding maximum contraction velocity at time 3.19833 s.
[2023-03-10 15:44:39.770] [info] DeGrooteFregly2016Muscle 'gaslat' is exceeding maximum contraction velocity at time 3.19833 s.
[2023-03-10 15:44:39.802] [info] DeGrooteFregly2016Muscle 'gaslat' is exceeding maximum contraction velocity at time 3.20667 s.
[2023-03-10 15:44:41.020] [info] DeGrooteFregly2016Muscle 'gaslat' is exceeding maximum contraction velocity at time 3.20667 s.
[2023-03-10 15:44:41.060] [info] DeGrooteFregly2016Muscle 'gaslat' is exceeding maximum contraction velocity at time 3.215 s.
[2023-03-10 15:44:42.197] [info] DeGrooteFregly2016Muscle 'gaslat' is exceeding maximum contraction velocity at time 3.215 s.
[2023-03-10 15:44:42.220] [info] DeGrooteFregly2016Muscle 'gaslat' is exceeding maximum contraction velocity at time 3.22333 s.
[2023-03-10 15:44:43.061] [info] DeGrooteFregly2016Muscle 'gaslat' is exceeding maximum contraction velocity at time 3.22333 s.
[2023-03-10 15:44:43.084] [info] DeGrooteFregly2016Muscle 'gaslat' is exceeding maximum contraction velocity at time 3.23167 s.
[2023-03-10 15:44:43.956] [info] DeGrooteFregly2016Muscle 'gaslat' is exceeding maximum contraction velocity at time 3.23167 s.
[2023-03-10 15:44:43.981] [info] DeGrooteFregly2016Muscle 'gaslat' is exceeding maximum contraction velocity at time 3.24 s.
[2023-03-10 15:44:44.833] [info] DeGrooteFregly2016Muscle 'gaslat' is exceeding maximum contraction velocity at time 3.24 s.
[2023-03-10 15:44:44.857] [info] DeGrooteFregly2016Muscle 'gaslat' is exceeding maximum contraction velocity at time 3.24833 s.
[2023-03-10 15:44:45.721] [info] DeGrooteFregly2016Muscle 'gaslat' is exceeding maximum contraction velocity at time 3.24833 s.
[2023-03-10 15:44:45.748] [info] DeGrooteFregly2016Muscle 'gaslat' is exceeding maximum contraction velocity at time 3.25667 s.
[2023-03-10 15:44:46.672] [info] DeGrooteFregly2016Muscle 'gaslat' is exceeding maximum contraction velocity at time 3.25667 s.
[2023-03-10 15:44:46.725] [info] DeGrooteFregly2016Muscle 'gaslat' is exceeding maximum contraction velocity at time 3.265 s.
[2023-03-10 15:44:47.736] [info] DeGrooteFregly2016Muscle 'gaslat' is exceeding maximum contraction velocity at time 3.265 s.
[2023-03-10 15:44:47.761] [info] DeGrooteFregly2016Muscle 'gaslat' is exceeding maximum contraction velocity at time 3.27333 s.
[2023-03-10 15:44:48.663] [info] DeGrooteFregly2016Muscle 'gaslat' is exceeding maximum contraction velocity at time 3.27333 s.
[2023-03-10 15:44:48.690] [info] DeGrooteFregly2016Muscle 'gaslat' is exceeding maximum contraction velocity at time 3.28167 s.
[2023-03-10 15:44:49.685] [info] DeGrooteFregly2016Muscle 'gaslat' is exceeding maximum contraction velocity at time 3.28167 s.
[2023-03-10 15:44:49.709] [info] DeGrooteFregly2016Muscle 'gaslat' is exceeding maximum contraction velocity at time 3.29 s.
[2023-03-10 15:44:50.644] [info] DeGrooteFregly2016Muscle 'gaslat' is exceeding maximum contraction velocity at time 3.29 s.
[2023-03-10 15:44:50.674] [info] DeGrooteFregly2016Muscle 'gaslat' is exceeding maximum contraction velocity at time 3.29833 s.
[2023-03-10 15:44:51.648] [info] DeGrooteFregly2016Muscle 'gaslat' is exceeding maximum contraction velocity at time 3.29833 s.
[2023-03-10 15:44:51.672] [info] DeGrooteFregly2016Muscle 'gaslat' is exceeding maximum contraction velocity at time 3.30667 s.
[2023-03-10 15:44:52.757] [info] DeGrooteFregly2016Muscle 'gaslat' is exceeding maximum contraction velocity at time 3.30667 s.
[2023-03-10 15:44:52.795] [info] DeGrooteFregly2016Muscle 'gaslat' is exceeding maximum contraction velocity at time 3.315 s.
[2023-03-10 15:44:53.904] [info] DeGrooteFregly2016Muscle 'gaslat' is exceeding maximum contraction velocity at time 3.315 s.
[2023-03-10 15:44:53.944] [info] DeGrooteFregly2016Muscle 'gaslat' is exceeding maximum contraction velocity at time 3.32333 s.
[2023-03-10 15:44:55.125] [info] DeGrooteFregly2016Muscle 'gaslat' is exceeding maximum contraction velocity at time 3.32333 s.
[2023-03-10 15:44:55.161] [info] DeGrooteFregly2016Muscle 'gaslat' is exceeding maximum contraction velocity at time 3.33167 s.
[2023-03-10 15:44:56.332] [info] DeGrooteFregly2016Muscle 'gaslat' is exceeding maximum contraction velocity at time 3.33167 s.
[2023-03-10 15:44:56.375] [info] DeGrooteFregly2016Muscle 'gaslat' is exceeding maximum contraction velocity at time 3.34 s.
[2023-03-10 15:44:57.589] [info] DeGrooteFregly2016Muscle 'gaslat' is exceeding maximum contraction velocity at time 3.34 s.
[2023-03-10 15:44:57.631] [info] DeGrooteFregly2016Muscle 'gaslat' is exceeding maximum contraction velocity at time 3.34833 s.
[2023-03-10 15:44:58.784] [info] DeGrooteFregly2016Muscle 'gaslat' is exceeding maximum contraction velocity at time 3.34833 s.
[2023-03-10 15:44:58.824] [info] DeGrooteFregly2016Muscle 'gaslat' is exceeding maximum contraction velocity at time 3.35667 s.
[2023-03-10 15:45:00.038] [info] DeGrooteFregly2016Muscle 'gaslat' is exceeding maximum contraction velocity at time 3.35667 s.
[2023-03-10 15:45:00.109] [info] DeGrooteFregly2016Muscle 'gaslat' is exceeding maximum contraction velocity at time 3.365 s.
[2023-03-10 15:45:01.342] [info] DeGrooteFregly2016Muscle 'gaslat' is exceeding maximum contraction velocity at time 3.365 s.
[2023-03-10 15:45:01.373] [info] DeGrooteFregly2016Muscle 'gaslat' is exceeding maximum contraction velocity at time 3.37333 s.
[2023-03-10 15:45:02.475] [info] DeGrooteFregly2016Muscle 'gaslat' is exceeding maximum contraction velocity at time 3.37333 s.
[2023-03-10 15:45:02.507] [info] DeGrooteFregly2016Muscle 'gaslat' is exceeding maximum contraction velocity at time 3.38167 s.
[2023-03-10 15:45:03.628] [info] DeGrooteFregly2016Muscle 'gaslat' is exceeding maximum contraction velocity at time 3.38167 s.
[2023-03-10 15:45:03.670] [info] DeGrooteFregly2016Muscle 'gaslat' is exceeding maximum contraction velocity at time 3.39 s.
[2023-03-10 15:45:04.857] [info] DeGrooteFregly2016Muscle 'gaslat' is exceeding maximum contraction velocity at time 3.39 s.
[2023-03-10 15:45:04.894] [info] DeGrooteFregly2016Muscle 'gaslat' is exceeding maximum contraction velocity at time 3.39833 s.
[2023-03-10 15:45:06.102] [info] DeGrooteFregly2016Muscle 'gaslat' is exceeding maximum contraction velocity at time 3.39833 s.
[2023-03-10 15:45:06.146] [info] DeGrooteFregly2016Muscle 'gaslat' is exceeding maximum contraction velocity at time 3.40667 s.
[2023-03-10 15:45:07.270] [info] DeGrooteFregly2016Muscle 'gaslat' is exceeding maximum contraction velocity at time 3.40667 s.
[2023-03-10 15:45:07.305] [info] DeGrooteFregly2016Muscle 'gaslat' is exceeding maximum contraction velocity at time 3.415 s.
[2023-03-10 15:45:08.382] [info] DeGrooteFregly2016Muscle 'gaslat' is exceeding maximum contraction velocity at time 3.415 s.
[2023-03-10 15:45:08.410] [info] DeGrooteFregly2016Muscle 'gaslat' is exceeding maximum contraction velocity at time 3.42333 s.
[2023-03-10 15:45:09.478] [info] DeGrooteFregly2016Muscle 'gaslat' is exceeding maximum contraction velocity at time 3.42333 s.
[2023-03-10 15:45:09.514] [info] DeGrooteFregly2016Muscle 'gaslat' is exceeding maximum contraction velocity at time 3.43167 s.
[2023-03-10 15:45:10.614] [info] DeGrooteFregly2016Muscle 'gaslat' is exceeding maximum contraction velocity at time 3.43167 s.
[2023-03-10 15:45:10.648] [info] DeGrooteFregly2016Muscle 'gaslat' is exceeding maximum contraction velocity at time 3.44 s.
[2023-03-10 15:45:11.713] [info] DeGrooteFregly2016Muscle 'gaslat' is exceeding maximum contraction velocity at time 3.44 s.
[2023-03-10 15:45:11.740] [info] DeGrooteFregly2016Muscle 'gaslat' is exceeding maximum contraction velocity at time 3.44833 s.
[2023-03-10 15:45:12.853] [info] DeGrooteFregly2016Muscle 'gaslat' is exceeding maximum contraction velocity at time 3.44833 s.
[2023-03-10 15:45:12.880] [info] DeGrooteFregly2016Muscle 'gaslat' is exceeding maximum contraction velocity at time 3.45667 s.
[2023-03-10 15:45:13.983] [info] DeGrooteFregly2016Muscle 'gaslat' is exceeding maximum contraction velocity at time 3.45667 s.
[2023-03-10 15:45:14.055] [info] DeGrooteFregly2016Muscle 'gaslat' is exceeding maximum contraction velocity at time 3.465 s.
[2023-03-10 15:45:15.123] [info] DeGrooteFregly2016Muscle 'gaslat' is exceeding maximum contraction velocity at time 3.465 s.
[2023-03-10 15:45:15.157] [info] DeGrooteFregly2016Muscle 'gaslat' is exceeding maximum contraction velocity at time 3.47333 s.
[2023-03-10 15:45:16.226] [info] DeGrooteFregly2016Muscle 'gaslat' is exceeding maximum contraction velocity at time 3.47333 s.
[2023-03-10 15:45:16.263] [info] DeGrooteFregly2016Muscle 'gaslat' is exceeding maximum contraction velocity at time 3.48167 s.
[2023-03-10 15:45:17.331] [info] DeGrooteFregly2016Muscle 'gaslat' is exceeding maximum contraction velocity at time 3.48167 s.
[2023-03-10 15:45:17.365] [info] DeGrooteFregly2016Muscle 'gaslat' is exceeding maximum contraction velocity at time 3.49 s.
[2023-03-10 15:45:18.517] [info] DeGrooteFregly2016Muscle 'gaslat' is exceeding maximum contraction velocity at time 3.49 s.
[2023-03-10 15:45:18.567] [info] DeGrooteFregly2016Muscle 'gaslat' is exceeding maximum contraction velocity at time 3.49833 s.
[2023-03-10 15:45:19.704] [info] DeGrooteFregly2016Muscle 'gaslat' is exceeding maximum contraction velocity at time 3.49833 s.
[2023-03-10 15:45:19.739] [info] DeGrooteFregly2016Muscle 'gaslat' is exceeding maximum contraction velocity at time 3.50667 s.
[2023-03-10 15:45:20.856] [info] DeGrooteFregly2016Muscle 'gaslat' is exceeding maximum contraction velocity at time 3.50667 s.
[2023-03-10 15:45:20.893] [info] DeGrooteFregly2016Muscle 'gaslat' is exceeding maximum contraction velocity at time 3.515 s.
[2023-03-10 15:45:22.016] [info] DeGrooteFregly2016Muscle 'gaslat' is exceeding maximum contraction velocity at time 3.515 s.
[2023-03-10 15:45:25.612] [info] DeGrooteFregly2016Muscle 'gaslat' is exceeding maximum contraction velocity at time 3.54833 s.
[2023-03-10 15:45:26.730] [info] DeGrooteFregly2016Muscle 'gaslat' is exceeding maximum contraction velocity at time 3.54833 s.
[2023-03-10 15:45:26.766] [info] DeGrooteFregly2016Muscle 'gaslat' is exceeding maximum contraction velocity at time 3.55667 s.
[2023-03-10 15:45:27.848] [info] DeGrooteFregly2016Muscle 'gaslat' is exceeding maximum contraction velocity at time 3.55667 s.
[2023-03-10 15:45:27.921] [info] DeGrooteFregly2016Muscle 'gaslat' is exceeding maximum contraction velocity at time 3.565 s.
[2023-03-10 15:45:28.990] [info] DeGrooteFregly2016Muscle 'gaslat' is exceeding maximum contraction velocity at time 3.565 s.
[2023-03-10 15:45:29.027] [info] DeGrooteFregly2016Muscle 'gaslat' is exceeding maximum contraction velocity at time 3.57333 s.
[2023-03-10 15:45:30.142] [info] DeGrooteFregly2016Muscle 'gaslat' is exceeding maximum contraction velocity at time 3.57333 s.
[2023-03-10 15:45:30.175] [info] DeGrooteFregly2016Muscle 'gaslat' is exceeding maximum contraction velocity at time 3.58167 s.
[2023-03-10 15:45:31.235] [info] DeGrooteFregly2016Muscle 'gaslat' is exceeding maximum contraction velocity at time 3.58167 s.
[2023-03-10 15:45:31.271] [info] DeGrooteFregly2016Muscle 'gaslat' is exceeding maximum contraction velocity at time 3.59 s.
[2023-03-10 15:45:32.437] [info] DeGrooteFregly2016Muscle 'gaslat' is exceeding maximum contraction velocity at time 3.59 s.
[2023-03-10 15:45:32.475] [info] DeGrooteFregly2016Muscle 'gaslat' is exceeding maximum contraction velocity at time 3.59833 s.
[2023-03-10 15:45:33.538] [info] DeGrooteFregly2016Muscle 'gaslat' is exceeding maximum contraction velocity at time 3.59833 s.
[2023-03-10 15:45:33.567] [info] DeGrooteFregly2016Muscle 'gaslat' is exceeding maximum contraction velocity at time 3.60667 s.
[2023-03-10 15:45:34.646] [info] DeGrooteFregly2016Muscle 'gaslat' is exceeding maximum contraction velocity at time 3.60667 s.
[2023-03-10 15:45:34.685] [info] DeGrooteFregly2016Muscle 'gaslat' is exceeding maximum contraction velocity at time 3.615 s.
[2023-03-10 15:45:35.758] [info] DeGrooteFregly2016Muscle 'gaslat' is exceeding maximum contraction velocity at time 3.615 s.
[2023-03-10 15:45:35.789] [info] DeGrooteFregly2016Muscle 'gaslat' is exceeding maximum contraction velocity at time 3.62333 s.
[2023-03-10 15:45:36.889] [info] DeGrooteFregly2016Muscle 'gaslat' is exceeding maximum contraction velocity at time 3.62333 s.
[2023-03-10 15:45:36.928] [info] DeGrooteFregly2016Muscle 'gaslat' is exceeding maximum contraction velocity at time 3.63167 s.
[2023-03-10 15:45:38.000] [info] DeGrooteFregly2016Muscle 'gaslat' is exceeding maximum contraction velocity at time 3.63167 s.
[2023-03-10 15:45:38.029] [info] DeGrooteFregly2016Muscle 'gaslat' is exceeding maximum contraction velocity at time 3.64 s.
[2023-03-10 15:45:39.117] [info] DeGrooteFregly2016Muscle 'gaslat' is exceeding maximum contraction velocity at time 3.64 s.
[2023-03-10 15:45:39.160] [info] DeGrooteFregly2016Muscle 'gaslat' is exceeding maximum contraction velocity at time 3.64833 s.
[2023-03-10 15:45:40.210] [info] DeGrooteFregly2016Muscle 'gaslat' is exceeding maximum contraction velocity at time 3.64833 s.
[2023-03-10 15:45:40.282] [info] DeGrooteFregly2016Muscle 'gaslat' is exceeding maximum contraction velocity at time 3.65667 s.
[2023-03-10 15:45:41.353] [info] DeGrooteFregly2016Muscle 'gaslat' is exceeding maximum contraction velocity at time 3.65667 s.
[2023-03-10 15:45:41.393] [info] DeGrooteFregly2016Muscle 'gaslat' is exceeding maximum contraction velocity at time 3.665 s.
[2023-03-10 15:45:42.490] [info] Printing results of investigation JWAllBody-scaled to C:\Gil\MeshesInAD\gaitWithKneeProsthesis\ScaledModel\SubjectSpecific\testmomentarms_ngait_og1
[2023-03-10 15:45:46.818] [info] DeGrooteFregly2016Muscle 'gaslat' is exceeding maximum contraction velocity at time 0.948333 s.
[2023-03-10 15:45:46.840] [info] DeGrooteFregly2016Muscle 'gaslat' is exceeding maximum contraction velocity at time 0.948333 s.
[2023-03-10 15:45:46.863] [info] DeGrooteFregly2016Muscle 'gaslat' is exceeding maximum contraction velocity at time 0.948333 s.
[2023-03-10 15:54:19.088] [info] Loaded model JWAllBody-scaled from file C:\Gil\MeshesInAD\gaitWithKneeProsthesis\ScaledModel\SubjectSpecific\JW All Body Model-scaled_forvisualization_leftright_v42_test.osim
[2023-03-10 16:26:51.985] [info] Storage: read data file = C:\Gil\MeshesInAD\gaitWithKneeProsthesis\ScaledModel\SubjectSpecific\jw_ngait_og1.mot (nr=327 nc=60)
[2023-03-10 16:27:05.300] [info] Loading coordinates from file 'C:\Gil\MeshesInAD\gaitWithKneeProsthesis\ScaledModel\SubjectSpecific\jw_ngait_og1.mot'.
[2023-03-10 16:27:05.300] [info] Storage: read data file = C:\Gil\MeshesInAD\gaitWithKneeProsthesis\ScaledModel\SubjectSpecific\jw_ngait_og1.mot (nr=327 nc=60)
[2023-03-10 16:27:05.490] [warning] Coordinate.setValue:  coordinate knee_adduction is locked. Unable to change its value.
[2023-03-10 16:27:05.491] [warning] Coordinate.setValue:  coordinate knee_rotation is locked. Unable to change its value.
[2023-03-10 16:27:05.491] [warning] Coordinate.setValue:  coordinate knee_tx is locked. Unable to change its value.
[2023-03-10 16:27:05.491] [warning] Coordinate.setValue:  coordinate knee_ty is locked. Unable to change its value.
[2023-03-10 16:27:05.491] [warning] Coordinate.setValue:  coordinate knee_tz is locked. Unable to change its value.
[2023-03-10 16:27:05.491] [warning] Coordinate.setValue:  coordinate patfem_adduction is locked. Unable to change its value.
[2023-03-10 16:27:05.491] [warning] Coordinate.setValue:  coordinate patfem_rotation is locked. Unable to change its value.
[2023-03-10 16:27:05.491] [warning] Coordinate.setValue:  coordinate patfem_tx is locked. Unable to change its value.
[2023-03-10 16:27:05.491] [warning] Coordinate.setValue:  coordinate patfem_ty is locked. Unable to change its value.
[2023-03-10 16:27:05.491] [warning] Coordinate.setValue:  coordinate patfem_tz is locked. Unable to change its value.
[2023-03-10 16:27:05.491] [warning] Coordinate.setValue:  coordinate mtp_angle is locked. Unable to change its value.
[2023-03-10 16:27:05.491] [warning] Coordinate.setValue:  coordinate knee_adduction_l is locked. Unable to change its value.
[2023-03-10 16:27:05.491] [warning] Coordinate.setValue:  coordinate knee_rotation_l is locked. Unable to change its value.
[2023-03-10 16:27:05.491] [warning] Coordinate.setValue:  coordinate knee_tx_l is locked. Unable to change its value.
[2023-03-10 16:27:05.491] [warning] Coordinate.setValue:  coordinate knee_ty_l is locked. Unable to change its value.
[2023-03-10 16:27:05.491] [warning] Coordinate.setValue:  coordinate knee_tz_l is locked. Unable to change its value.
[2023-03-10 16:27:05.491] [warning] Coordinate.setValue:  coordinate patfem_adduction_l is locked. Unable to change its value.
[2023-03-10 16:27:05.491] [warning] Coordinate.setValue:  coordinate patfem_rotation_l is locked. Unable to change its value.
[2023-03-10 16:27:05.491] [warning] Coordinate.setValue:  coordinate patfem_tx_l is locked. Unable to change its value.
[2023-03-10 16:27:05.491] [warning] Coordinate.setValue:  coordinate patfem_ty_l is locked. Unable to change its value.
[2023-03-10 16:27:05.491] [warning] Coordinate.setValue:  coordinate patfem_tz_l is locked. Unable to change its value.
[2023-03-10 16:27:05.491] [warning] Coordinate.setValue:  coordinate mtp_angle_l is locked. Unable to change its value.
[2023-03-10 16:27:05.491] [warning] Coordinate.setValue:  coordinate pro_sup_r is locked. Unable to change its value.
[2023-03-10 16:27:05.491] [warning] Coordinate.setValue:  coordinate pro_sup_l is locked. Unable to change its value.
[2023-03-10 16:27:08.634] [info] Found 327 state vectors with time stamps ranging from 0.948333 to 3.665.
[2023-03-10 16:27:08.685] [info] No external loads will be applied (external loads file not specified).
[2023-03-10 16:27:08.742] [info] Executing the analyses from 0.948333 to 3.665...
[2023-03-10 16:27:08.783] [warning] MuscleAnalysis: coordinate knee_adduction is locked and can't be varied.
[2023-03-10 16:27:08.783] [warning] MuscleAnalysis: coordinate knee_rotation is locked and can't be varied.
[2023-03-10 16:27:08.783] [warning] MuscleAnalysis: coordinate knee_tx is locked and can't be varied.
[2023-03-10 16:27:08.783] [warning] MuscleAnalysis: coordinate knee_ty is locked and can't be varied.
[2023-03-10 16:27:08.783] [warning] MuscleAnalysis: coordinate knee_tz is locked and can't be varied.
[2023-03-10 16:27:08.783] [warning] MuscleAnalysis: coordinate patfem_adduction is locked and can't be varied.
[2023-03-10 16:27:08.783] [warning] MuscleAnalysis: coordinate patfem_rotation is locked and can't be varied.
[2023-03-10 16:27:08.783] [warning] MuscleAnalysis: coordinate patfem_tx is locked and can't be varied.
[2023-03-10 16:27:08.783] [warning] MuscleAnalysis: coordinate patfem_ty is locked and can't be varied.
[2023-03-10 16:27:08.783] [warning] MuscleAnalysis: coordinate patfem_tz is locked and can't be varied.
[2023-03-10 16:27:08.783] [warning] MuscleAnalysis: coordinate mtp_angle is locked and can't be varied.
[2023-03-10 16:27:08.783] [warning] MuscleAnalysis: coordinate knee_adduction_l is locked and can't be varied.
[2023-03-10 16:27:08.783] [warning] MuscleAnalysis: coordinate knee_rotation_l is locked and can't be varied.
[2023-03-10 16:27:08.783] [warning] MuscleAnalysis: coordinate knee_tx_l is locked and can't be varied.
[2023-03-10 16:27:08.783] [warning] MuscleAnalysis: coordinate knee_ty_l is locked and can't be varied.
[2023-03-10 16:27:08.783] [warning] MuscleAnalysis: coordinate knee_tz_l is locked and can't be varied.
[2023-03-10 16:27:08.783] [warning] MuscleAnalysis: coordinate patfem_adduction_l is locked and can't be varied.
[2023-03-10 16:27:08.783] [warning] MuscleAnalysis: coordinate patfem_rotation_l is locked and can't be varied.
[2023-03-10 16:27:08.783] [warning] MuscleAnalysis: coordinate patfem_tx_l is locked and can't be varied.
[2023-03-10 16:27:08.783] [warning] MuscleAnalysis: coordinate patfem_ty_l is locked and can't be varied.
[2023-03-10 16:27:08.784] [warning] MuscleAnalysis: coordinate patfem_tz_l is locked and can't be varied.
[2023-03-10 16:27:08.784] [warning] MuscleAnalysis: coordinate mtp_angle_l is locked and can't be varied.
[2023-03-10 16:27:08.784] [warning] MuscleAnalysis: coordinate pro_sup_r is locked and can't be varied.
[2023-03-10 16:27:08.784] [warning] MuscleAnalysis: coordinate wrist_flex_r is locked and can't be varied.
[2023-03-10 16:27:08.784] [warning] MuscleAnalysis: coordinate wrist_dev_r is locked and can't be varied.
[2023-03-10 16:27:08.784] [warning] MuscleAnalysis: coordinate pro_sup_l is locked and can't be varied.
[2023-03-10 16:27:08.784] [warning] MuscleAnalysis: coordinate wrist_flex_l is locked and can't be varied.
[2023-03-10 16:27:08.784] [warning] MuscleAnalysis: coordinate wrist_dev_l is locked and can't be varied.
[2023-03-10 16:27:08.784] [info] DeGrooteFregly2016Muscle 'gaslat' is exceeding maximum contraction velocity at time 0.948333 s.
[2023-03-10 16:27:10.371] [info] DeGrooteFregly2016Muscle 'gaslat' is exceeding maximum contraction velocity at time 0.956666 s.
[2023-03-10 16:27:11.377] [info] DeGrooteFregly2016Muscle 'gaslat' is exceeding maximum contraction velocity at time 0.956666 s.
[2023-03-10 16:27:11.403] [info] DeGrooteFregly2016Muscle 'gaslat' is exceeding maximum contraction velocity at time 0.965 s.
[2023-03-10 16:27:12.251] [info] DeGrooteFregly2016Muscle 'gaslat' is exceeding maximum contraction velocity at time 0.965 s.
[2023-03-10 16:27:12.273] [info] DeGrooteFregly2016Muscle 'gaslat' is exceeding maximum contraction velocity at time 0.973333 s.
[2023-03-10 16:27:13.232] [info] DeGrooteFregly2016Muscle 'gaslat' is exceeding maximum contraction velocity at time 0.973333 s.
[2023-03-10 16:27:13.260] [info] DeGrooteFregly2016Muscle 'gaslat' is exceeding maximum contraction velocity at time 0.981666 s.
[2023-03-10 16:27:14.148] [info] DeGrooteFregly2016Muscle 'gaslat' is exceeding maximum contraction velocity at time 0.981666 s.
[2023-03-10 16:27:14.186] [info] DeGrooteFregly2016Muscle 'gaslat' is exceeding maximum contraction velocity at time 0.99 s.
[2023-03-10 16:27:15.257] [info] DeGrooteFregly2016Muscle 'gaslat' is exceeding maximum contraction velocity at time 0.99 s.
[2023-03-10 16:27:15.287] [info] DeGrooteFregly2016Muscle 'gaslat' is exceeding maximum contraction velocity at time 0.998333 s.
[2023-03-10 16:27:16.226] [info] DeGrooteFregly2016Muscle 'gaslat' is exceeding maximum contraction velocity at time 0.998333 s.
[2023-03-10 16:27:16.252] [info] DeGrooteFregly2016Muscle 'gaslat' is exceeding maximum contraction velocity at time 1.00667 s.
[2023-03-10 16:27:17.237] [info] DeGrooteFregly2016Muscle 'gaslat' is exceeding maximum contraction velocity at time 1.00667 s.
[2023-03-10 16:27:17.274] [info] DeGrooteFregly2016Muscle 'gaslat' is exceeding maximum contraction velocity at time 1.015 s.
[2023-03-10 16:27:18.409] [info] DeGrooteFregly2016Muscle 'gaslat' is exceeding maximum contraction velocity at time 1.015 s.
[2023-03-10 16:27:18.434] [info] DeGrooteFregly2016Muscle 'gaslat' is exceeding maximum contraction velocity at time 1.02333 s.
[2023-03-10 16:27:19.393] [info] DeGrooteFregly2016Muscle 'gaslat' is exceeding maximum contraction velocity at time 1.02333 s.
[2023-03-10 16:27:19.422] [info] DeGrooteFregly2016Muscle 'gaslat' is exceeding maximum contraction velocity at time 1.03167 s.
[2023-03-10 16:27:20.249] [info] DeGrooteFregly2016Muscle 'gaslat' is exceeding maximum contraction velocity at time 1.03167 s.
[2023-03-10 16:27:20.279] [info] DeGrooteFregly2016Muscle 'gaslat' is exceeding maximum contraction velocity at time 1.04 s.
[2023-03-10 16:27:21.152] [info] DeGrooteFregly2016Muscle 'gaslat' is exceeding maximum contraction velocity at time 1.04 s.
[2023-03-10 16:27:21.177] [info] DeGrooteFregly2016Muscle 'gaslat' is exceeding maximum contraction velocity at time 1.04833 s.
[2023-03-10 16:27:22.015] [info] DeGrooteFregly2016Muscle 'gaslat' is exceeding maximum contraction velocity at time 1.04833 s.
[2023-03-10 16:27:22.041] [info] DeGrooteFregly2016Muscle 'gaslat' is exceeding maximum contraction velocity at time 1.05667 s.
[2023-03-10 16:27:22.933] [info] DeGrooteFregly2016Muscle 'gaslat' is exceeding maximum contraction velocity at time 1.05667 s.
[2023-03-10 16:27:22.957] [info] DeGrooteFregly2016Muscle 'gaslat' is exceeding maximum contraction velocity at time 1.065 s.
[2023-03-10 16:27:23.800] [info] DeGrooteFregly2016Muscle 'gaslat' is exceeding maximum contraction velocity at time 1.065 s.
[2023-03-10 16:27:23.831] [info] DeGrooteFregly2016Muscle 'gaslat' is exceeding maximum contraction velocity at time 1.07333 s.
[2023-03-10 16:27:24.700] [info] DeGrooteFregly2016Muscle 'gaslat' is exceeding maximum contraction velocity at time 1.07333 s.
[2023-03-10 16:27:24.728] [info] DeGrooteFregly2016Muscle 'gaslat' is exceeding maximum contraction velocity at time 1.08167 s.
[2023-03-10 16:27:25.687] [info] DeGrooteFregly2016Muscle 'gaslat' is exceeding maximum contraction velocity at time 1.08167 s.
[2023-03-10 16:27:25.736] [info] DeGrooteFregly2016Muscle 'gaslat' is exceeding maximum contraction velocity at time 1.09 s.
[2023-03-10 16:27:26.661] [info] DeGrooteFregly2016Muscle 'gaslat' is exceeding maximum contraction velocity at time 1.09 s.
[2023-03-10 16:27:26.688] [info] DeGrooteFregly2016Muscle 'gaslat' is exceeding maximum contraction velocity at time 1.09833 s.
[2023-03-10 16:27:27.583] [info] DeGrooteFregly2016Muscle 'gaslat' is exceeding maximum contraction velocity at time 1.09833 s.
[2023-03-10 16:27:27.611] [info] DeGrooteFregly2016Muscle 'gaslat' is exceeding maximum contraction velocity at time 1.10667 s.
[2023-03-10 16:27:28.542] [info] DeGrooteFregly2016Muscle 'gaslat' is exceeding maximum contraction velocity at time 1.10667 s.
[2023-03-10 16:27:28.572] [info] DeGrooteFregly2016Muscle 'gaslat' is exceeding maximum contraction velocity at time 1.115 s.
[2023-03-10 16:27:29.524] [info] DeGrooteFregly2016Muscle 'gaslat' is exceeding maximum contraction velocity at time 1.115 s.
[2023-03-10 16:27:29.551] [info] DeGrooteFregly2016Muscle 'gaslat' is exceeding maximum contraction velocity at time 1.12333 s.
[2023-03-10 16:27:30.496] [info] DeGrooteFregly2016Muscle 'gaslat' is exceeding maximum contraction velocity at time 1.12333 s.
[2023-03-10 16:27:30.528] [info] DeGrooteFregly2016Muscle 'gaslat' is exceeding maximum contraction velocity at time 1.13167 s.
[2023-03-10 16:27:31.461] [info] DeGrooteFregly2016Muscle 'gaslat' is exceeding maximum contraction velocity at time 1.13167 s.
[2023-03-10 16:27:31.486] [info] DeGrooteFregly2016Muscle 'gaslat' is exceeding maximum contraction velocity at time 1.14 s.
[2023-03-10 16:27:32.431] [info] DeGrooteFregly2016Muscle 'gaslat' is exceeding maximum contraction velocity at time 1.14 s.
[2023-03-10 16:27:32.466] [info] DeGrooteFregly2016Muscle 'gaslat' is exceeding maximum contraction velocity at time 1.14833 s.
[2023-03-10 16:27:33.417] [info] DeGrooteFregly2016Muscle 'gaslat' is exceeding maximum contraction velocity at time 1.14833 s.
[2023-03-10 16:27:33.472] [info] DeGrooteFregly2016Muscle 'gaslat' is exceeding maximum contraction velocity at time 1.15667 s.
[2023-03-10 16:27:34.415] [info] DeGrooteFregly2016Muscle 'gaslat' is exceeding maximum contraction velocity at time 1.15667 s.
[2023-03-10 16:27:34.442] [info] DeGrooteFregly2016Muscle 'gaslat' is exceeding maximum contraction velocity at time 1.165 s.
[2023-03-10 16:27:35.384] [info] DeGrooteFregly2016Muscle 'gaslat' is exceeding maximum contraction velocity at time 1.165 s.
[2023-03-10 16:27:35.410] [info] DeGrooteFregly2016Muscle 'gaslat' is exceeding maximum contraction velocity at time 1.17333 s.
[2023-03-10 16:27:36.368] [info] DeGrooteFregly2016Muscle 'gaslat' is exceeding maximum contraction velocity at time 1.17333 s.
[2023-03-10 16:27:36.393] [info] DeGrooteFregly2016Muscle 'gaslat' is exceeding maximum contraction velocity at time 1.18167 s.
[2023-03-10 16:27:37.302] [info] DeGrooteFregly2016Muscle 'gaslat' is exceeding maximum contraction velocity at time 1.18167 s.
[2023-03-10 16:27:37.330] [info] DeGrooteFregly2016Muscle 'gaslat' is exceeding maximum contraction velocity at time 1.19 s.
[2023-03-10 16:27:38.258] [info] DeGrooteFregly2016Muscle 'gaslat' is exceeding maximum contraction velocity at time 1.19 s.
[2023-03-10 16:27:38.286] [info] DeGrooteFregly2016Muscle 'gaslat' is exceeding maximum contraction velocity at time 1.19833 s.
[2023-03-10 16:27:39.232] [info] DeGrooteFregly2016Muscle 'gaslat' is exceeding maximum contraction velocity at time 1.19833 s.
[2023-03-10 16:27:39.254] [info] DeGrooteFregly2016Muscle 'gaslat' is exceeding maximum contraction velocity at time 1.20667 s.
[2023-03-10 16:27:40.184] [info] DeGrooteFregly2016Muscle 'gaslat' is exceeding maximum contraction velocity at time 1.20667 s.
[2023-03-10 16:27:40.213] [info] DeGrooteFregly2016Muscle 'gaslat' is exceeding maximum contraction velocity at time 1.215 s.
[2023-03-10 16:27:41.142] [info] DeGrooteFregly2016Muscle 'gaslat' is exceeding maximum contraction velocity at time 1.215 s.
[2023-03-10 16:27:41.167] [info] DeGrooteFregly2016Muscle 'gaslat' is exceeding maximum contraction velocity at time 1.22333 s.
[2023-03-10 16:27:42.075] [info] DeGrooteFregly2016Muscle 'gaslat' is exceeding maximum contraction velocity at time 1.22333 s.
[2023-03-10 16:27:42.109] [info] DeGrooteFregly2016Muscle 'gaslat' is exceeding maximum contraction velocity at time 1.23167 s.
[2023-03-10 16:27:43.026] [info] DeGrooteFregly2016Muscle 'gaslat' is exceeding maximum contraction velocity at time 1.23167 s.
[2023-03-10 16:27:43.052] [info] DeGrooteFregly2016Muscle 'gaslat' is exceeding maximum contraction velocity at time 1.24 s.
[2023-03-10 16:27:43.964] [info] DeGrooteFregly2016Muscle 'gaslat' is exceeding maximum contraction velocity at time 1.24 s.
[2023-03-10 16:27:55.334] [info] DeGrooteFregly2016Muscle 'gaslat' is exceeding maximum contraction velocity at time 1.34833 s.
[2023-03-10 16:27:56.213] [info] DeGrooteFregly2016Muscle 'gaslat' is exceeding maximum contraction velocity at time 1.34833 s.
[2023-03-10 16:27:56.241] [info] DeGrooteFregly2016Muscle 'gaslat' is exceeding maximum contraction velocity at time 1.35667 s.
[2023-03-10 16:27:57.160] [info] DeGrooteFregly2016Muscle 'gaslat' is exceeding maximum contraction velocity at time 1.35667 s.
[2023-03-10 16:27:57.189] [info] DeGrooteFregly2016Muscle 'gaslat' is exceeding maximum contraction velocity at time 1.365 s.
[2023-03-10 16:27:58.134] [info] DeGrooteFregly2016Muscle 'gaslat' is exceeding maximum contraction velocity at time 1.365 s.
[2023-03-10 16:27:58.158] [info] DeGrooteFregly2016Muscle 'gaslat' is exceeding maximum contraction velocity at time 1.37333 s.
[2023-03-10 16:27:59.075] [info] DeGrooteFregly2016Muscle 'gaslat' is exceeding maximum contraction velocity at time 1.37333 s.
[2023-03-10 16:27:59.101] [info] DeGrooteFregly2016Muscle 'gaslat' is exceeding maximum contraction velocity at time 1.38167 s.
[2023-03-10 16:27:59.987] [info] DeGrooteFregly2016Muscle 'gaslat' is exceeding maximum contraction velocity at time 1.38167 s.
[2023-03-10 16:28:00.012] [info] DeGrooteFregly2016Muscle 'gaslat' is exceeding maximum contraction velocity at time 1.39 s.
[2023-03-10 16:28:00.933] [info] DeGrooteFregly2016Muscle 'gaslat' is exceeding maximum contraction velocity at time 1.39 s.
[2023-03-10 16:28:00.960] [info] DeGrooteFregly2016Muscle 'gaslat' is exceeding maximum contraction velocity at time 1.39833 s.
[2023-03-10 16:28:01.845] [info] DeGrooteFregly2016Muscle 'gaslat' is exceeding maximum contraction velocity at time 1.39833 s.
[2023-03-10 16:28:01.869] [info] DeGrooteFregly2016Muscle 'gaslat' is exceeding maximum contraction velocity at time 1.40667 s.
[2023-03-10 16:28:02.779] [info] DeGrooteFregly2016Muscle 'gaslat' is exceeding maximum contraction velocity at time 1.40667 s.
[2023-03-10 16:28:02.811] [info] DeGrooteFregly2016Muscle 'gaslat' is exceeding maximum contraction velocity at time 1.415 s.
[2023-03-10 16:28:03.735] [info] DeGrooteFregly2016Muscle 'gaslat' is exceeding maximum contraction velocity at time 1.415 s.
[2023-03-10 16:28:03.767] [info] DeGrooteFregly2016Muscle 'gaslat' is exceeding maximum contraction velocity at time 1.42333 s.
[2023-03-10 16:28:04.692] [info] DeGrooteFregly2016Muscle 'gaslat' is exceeding maximum contraction velocity at time 1.42333 s.
[2023-03-10 16:28:04.746] [info] DeGrooteFregly2016Muscle 'gaslat' is exceeding maximum contraction velocity at time 1.43167 s.
[2023-03-10 16:28:05.671] [info] DeGrooteFregly2016Muscle 'gaslat' is exceeding maximum contraction velocity at time 1.43167 s.
[2023-03-10 16:28:05.704] [info] DeGrooteFregly2016Muscle 'gaslat' is exceeding maximum contraction velocity at time 1.44 s.
[2023-03-10 16:28:06.581] [info] DeGrooteFregly2016Muscle 'gaslat' is exceeding maximum contraction velocity at time 1.44 s.
[2023-03-10 16:28:06.605] [info] DeGrooteFregly2016Muscle 'gaslat' is exceeding maximum contraction velocity at time 1.44833 s.
[2023-03-10 16:28:07.530] [info] DeGrooteFregly2016Muscle 'gaslat' is exceeding maximum contraction velocity at time 1.44833 s.
[2023-03-10 16:28:07.554] [info] DeGrooteFregly2016Muscle 'gaslat' is exceeding maximum contraction velocity at time 1.45667 s.
[2023-03-10 16:28:08.457] [info] DeGrooteFregly2016Muscle 'gaslat' is exceeding maximum contraction velocity at time 1.45667 s.
[2023-03-10 16:28:08.479] [info] DeGrooteFregly2016Muscle 'gaslat' is exceeding maximum contraction velocity at time 1.465 s.
[2023-03-10 16:28:09.337] [info] DeGrooteFregly2016Muscle 'gaslat' is exceeding maximum contraction velocity at time 1.465 s.
[2023-03-10 16:28:09.364] [info] DeGrooteFregly2016Muscle 'gaslat' is exceeding maximum contraction velocity at time 1.47333 s.
[2023-03-10 16:28:10.247] [info] DeGrooteFregly2016Muscle 'gaslat' is exceeding maximum contraction velocity at time 1.47333 s.
[2023-03-10 16:28:10.271] [info] DeGrooteFregly2016Muscle 'gaslat' is exceeding maximum contraction velocity at time 1.48167 s.
[2023-03-10 16:28:11.154] [info] DeGrooteFregly2016Muscle 'gaslat' is exceeding maximum contraction velocity at time 1.48167 s.
[2023-03-10 16:28:11.179] [info] DeGrooteFregly2016Muscle 'gaslat' is exceeding maximum contraction velocity at time 1.49 s.
[2023-03-10 16:28:12.095] [info] DeGrooteFregly2016Muscle 'gaslat' is exceeding maximum contraction velocity at time 1.49 s.
[2023-03-10 16:28:12.123] [info] DeGrooteFregly2016Muscle 'gaslat' is exceeding maximum contraction velocity at time 1.49833 s.
[2023-03-10 16:28:13.044] [info] DeGrooteFregly2016Muscle 'gaslat' is exceeding maximum contraction velocity at time 1.49833 s.
[2023-03-10 16:28:13.075] [info] DeGrooteFregly2016Muscle 'gaslat' is exceeding maximum contraction velocity at time 1.50667 s.
[2023-03-10 16:28:14.142] [info] DeGrooteFregly2016Muscle 'gaslat' is exceeding maximum contraction velocity at time 1.50667 s.
[2023-03-10 16:28:14.165] [info] DeGrooteFregly2016Muscle 'gaslat' is exceeding maximum contraction velocity at time 1.515 s.
[2023-03-10 16:28:15.012] [info] DeGrooteFregly2016Muscle 'gaslat' is exceeding maximum contraction velocity at time 1.515 s.
[2023-03-10 16:28:15.035] [info] DeGrooteFregly2016Muscle 'gaslat' is exceeding maximum contraction velocity at time 1.52333 s.
[2023-03-10 16:28:16.016] [info] DeGrooteFregly2016Muscle 'gaslat' is exceeding maximum contraction velocity at time 1.52333 s.
[2023-03-10 16:28:16.044] [info] DeGrooteFregly2016Muscle 'gaslat' is exceeding maximum contraction velocity at time 1.53167 s.
[2023-03-10 16:28:17.109] [info] DeGrooteFregly2016Muscle 'gaslat' is exceeding maximum contraction velocity at time 1.53167 s.
[2023-03-10 16:28:17.132] [info] DeGrooteFregly2016Muscle 'gaslat' is exceeding maximum contraction velocity at time 1.54 s.
[2023-03-10 16:28:18.166] [info] DeGrooteFregly2016Muscle 'gaslat' is exceeding maximum contraction velocity at time 1.54 s.
[2023-03-10 16:28:18.190] [info] DeGrooteFregly2016Muscle 'gaslat' is exceeding maximum contraction velocity at time 1.54833 s.
[2023-03-10 16:28:19.230] [info] DeGrooteFregly2016Muscle 'gaslat' is exceeding maximum contraction velocity at time 1.54833 s.
[2023-03-10 16:28:19.256] [info] DeGrooteFregly2016Muscle 'gaslat' is exceeding maximum contraction velocity at time 1.55667 s.
[2023-03-10 16:28:20.250] [info] DeGrooteFregly2016Muscle 'gaslat' is exceeding maximum contraction velocity at time 1.55667 s.
[2023-03-10 16:28:20.277] [info] DeGrooteFregly2016Muscle 'gaslat' is exceeding maximum contraction velocity at time 1.565 s.
[2023-03-10 16:28:21.419] [info] DeGrooteFregly2016Muscle 'gaslat' is exceeding maximum contraction velocity at time 1.565 s.
[2023-03-10 16:28:21.447] [info] DeGrooteFregly2016Muscle 'gaslat' is exceeding maximum contraction velocity at time 1.57333 s.
[2023-03-10 16:28:22.598] [info] DeGrooteFregly2016Muscle 'gaslat' is exceeding maximum contraction velocity at time 1.57333 s.
[2023-03-10 16:28:22.636] [info] DeGrooteFregly2016Muscle 'gaslat' is exceeding maximum contraction velocity at time 1.58167 s.
[2023-03-10 16:28:23.865] [info] DeGrooteFregly2016Muscle 'gaslat' is exceeding maximum contraction velocity at time 1.58167 s.
[2023-03-10 16:28:23.896] [info] DeGrooteFregly2016Muscle 'gaslat' is exceeding maximum contraction velocity at time 1.59 s.
[2023-03-10 16:28:24.950] [info] DeGrooteFregly2016Muscle 'gaslat' is exceeding maximum contraction velocity at time 1.59 s.
[2023-03-10 16:28:24.981] [info] DeGrooteFregly2016Muscle 'gaslat' is exceeding maximum contraction velocity at time 1.59833 s.
[2023-03-10 16:28:25.997] [info] DeGrooteFregly2016Muscle 'gaslat' is exceeding maximum contraction velocity at time 1.59833 s.
[2023-03-10 16:28:26.027] [info] DeGrooteFregly2016Muscle 'gaslat' is exceeding maximum contraction velocity at time 1.60667 s.
[2023-03-10 16:28:27.043] [info] DeGrooteFregly2016Muscle 'gaslat' is exceeding maximum contraction velocity at time 1.60667 s.
[2023-03-10 16:28:27.078] [info] DeGrooteFregly2016Muscle 'gaslat' is exceeding maximum contraction velocity at time 1.615 s.
[2023-03-10 16:28:28.137] [info] DeGrooteFregly2016Muscle 'gaslat' is exceeding maximum contraction velocity at time 1.615 s.
[2023-03-10 16:28:28.166] [info] DeGrooteFregly2016Muscle 'gaslat' is exceeding maximum contraction velocity at time 1.62333 s.
[2023-03-10 16:28:29.211] [info] DeGrooteFregly2016Muscle 'gaslat' is exceeding maximum contraction velocity at time 1.62333 s.
[2023-03-10 16:28:29.243] [info] DeGrooteFregly2016Muscle 'gaslat' is exceeding maximum contraction velocity at time 1.63167 s.
[2023-03-10 16:28:30.336] [info] DeGrooteFregly2016Muscle 'gaslat' is exceeding maximum contraction velocity at time 1.63167 s.
[2023-03-10 16:28:30.366] [info] DeGrooteFregly2016Muscle 'gaslat' is exceeding maximum contraction velocity at time 1.64 s.
[2023-03-10 16:28:31.498] [info] DeGrooteFregly2016Muscle 'gaslat' is exceeding maximum contraction velocity at time 1.64 s.
[2023-03-10 16:28:31.536] [info] DeGrooteFregly2016Muscle 'gaslat' is exceeding maximum contraction velocity at time 1.64833 s.
[2023-03-10 16:28:32.604] [info] DeGrooteFregly2016Muscle 'gaslat' is exceeding maximum contraction velocity at time 1.64833 s.
[2023-03-10 16:28:32.647] [info] DeGrooteFregly2016Muscle 'gaslat' is exceeding maximum contraction velocity at time 1.65667 s.
[2023-03-10 16:28:33.728] [info] DeGrooteFregly2016Muscle 'gaslat' is exceeding maximum contraction velocity at time 1.65667 s.
[2023-03-10 16:28:33.761] [info] DeGrooteFregly2016Muscle 'gaslat' is exceeding maximum contraction velocity at time 1.665 s.
[2023-03-10 16:28:34.819] [info] DeGrooteFregly2016Muscle 'gaslat' is exceeding maximum contraction velocity at time 1.665 s.
[2023-03-10 16:28:34.849] [info] DeGrooteFregly2016Muscle 'gaslat' is exceeding maximum contraction velocity at time 1.67333 s.
[2023-03-10 16:28:35.949] [info] DeGrooteFregly2016Muscle 'gaslat' is exceeding maximum contraction velocity at time 1.67333 s.
[2023-03-10 16:28:35.986] [info] DeGrooteFregly2016Muscle 'gaslat' is exceeding maximum contraction velocity at time 1.68167 s.
[2023-03-10 16:28:37.044] [info] DeGrooteFregly2016Muscle 'gaslat' is exceeding maximum contraction velocity at time 1.68167 s.
[2023-03-10 16:28:37.083] [info] DeGrooteFregly2016Muscle 'gaslat' is exceeding maximum contraction velocity at time 1.69 s.
[2023-03-10 16:28:38.182] [info] DeGrooteFregly2016Muscle 'gaslat' is exceeding maximum contraction velocity at time 1.69 s.
[2023-03-10 16:28:38.212] [info] DeGrooteFregly2016Muscle 'gaslat' is exceeding maximum contraction velocity at time 1.69833 s.
[2023-03-10 16:28:39.304] [info] DeGrooteFregly2016Muscle 'gaslat' is exceeding maximum contraction velocity at time 1.69833 s.
[2023-03-10 16:28:39.333] [info] DeGrooteFregly2016Muscle 'gaslat' is exceeding maximum contraction velocity at time 1.70667 s.
[2023-03-10 16:28:40.408] [info] DeGrooteFregly2016Muscle 'gaslat' is exceeding maximum contraction velocity at time 1.70667 s.
[2023-03-10 16:28:40.475] [info] DeGrooteFregly2016Muscle 'gaslat' is exceeding maximum contraction velocity at time 1.715 s.
[2023-03-10 16:28:41.507] [info] DeGrooteFregly2016Muscle 'gaslat' is exceeding maximum contraction velocity at time 1.715 s.
[2023-03-10 16:28:41.539] [info] DeGrooteFregly2016Muscle 'gaslat' is exceeding maximum contraction velocity at time 1.72333 s.
[2023-03-10 16:28:42.566] [info] DeGrooteFregly2016Muscle 'gaslat' is exceeding maximum contraction velocity at time 1.72333 s.
[2023-03-10 16:28:42.592] [info] DeGrooteFregly2016Muscle 'gaslat' is exceeding maximum contraction velocity at time 1.73167 s.
[2023-03-10 16:28:43.605] [info] DeGrooteFregly2016Muscle 'gaslat' is exceeding maximum contraction velocity at time 1.73167 s.
[2023-03-10 16:28:43.630] [info] DeGrooteFregly2016Muscle 'gaslat' is exceeding maximum contraction velocity at time 1.74 s.
[2023-03-10 16:28:44.707] [info] DeGrooteFregly2016Muscle 'gaslat' is exceeding maximum contraction velocity at time 1.74 s.
[2023-03-10 16:28:44.734] [info] DeGrooteFregly2016Muscle 'gaslat' is exceeding maximum contraction velocity at time 1.74833 s.
[2023-03-10 16:28:45.796] [info] DeGrooteFregly2016Muscle 'gaslat' is exceeding maximum contraction velocity at time 1.74833 s.
[2023-03-10 16:28:45.828] [info] DeGrooteFregly2016Muscle 'gaslat' is exceeding maximum contraction velocity at time 1.75667 s.
[2023-03-10 16:28:46.847] [info] DeGrooteFregly2016Muscle 'gaslat' is exceeding maximum contraction velocity at time 1.75667 s.
[2023-03-10 16:28:46.874] [info] DeGrooteFregly2016Muscle 'gaslat' is exceeding maximum contraction velocity at time 1.765 s.
[2023-03-10 16:28:47.973] [info] DeGrooteFregly2016Muscle 'gaslat' is exceeding maximum contraction velocity at time 1.765 s.
[2023-03-10 16:28:48.010] [info] DeGrooteFregly2016Muscle 'gaslat' is exceeding maximum contraction velocity at time 1.77333 s.
[2023-03-10 16:28:49.032] [info] DeGrooteFregly2016Muscle 'gaslat' is exceeding maximum contraction velocity at time 1.77333 s.
[2023-03-10 16:28:49.060] [info] DeGrooteFregly2016Muscle 'gaslat' is exceeding maximum contraction velocity at time 1.78167 s.
[2023-03-10 16:28:50.072] [info] DeGrooteFregly2016Muscle 'gaslat' is exceeding maximum contraction velocity at time 1.78167 s.
[2023-03-10 16:28:50.099] [info] DeGrooteFregly2016Muscle 'gaslat' is exceeding maximum contraction velocity at time 1.79 s.
[2023-03-10 16:28:51.087] [info] DeGrooteFregly2016Muscle 'gaslat' is exceeding maximum contraction velocity at time 1.79 s.
[2023-03-10 16:28:51.117] [info] DeGrooteFregly2016Muscle 'gaslat' is exceeding maximum contraction velocity at time 1.79833 s.
[2023-03-10 16:28:52.166] [info] DeGrooteFregly2016Muscle 'gaslat' is exceeding maximum contraction velocity at time 1.79833 s.
[2023-03-10 16:28:52.202] [info] DeGrooteFregly2016Muscle 'gaslat' is exceeding maximum contraction velocity at time 1.80667 s.
[2023-03-10 16:28:53.236] [info] DeGrooteFregly2016Muscle 'gaslat' is exceeding maximum contraction velocity at time 1.80667 s.
[2023-03-10 16:28:53.270] [info] DeGrooteFregly2016Muscle 'gaslat' is exceeding maximum contraction velocity at time 1.815 s.
[2023-03-10 16:28:54.336] [info] DeGrooteFregly2016Muscle 'gaslat' is exceeding maximum contraction velocity at time 1.815 s.
[2023-03-10 16:28:54.406] [info] DeGrooteFregly2016Muscle 'gaslat' is exceeding maximum contraction velocity at time 1.82333 s.
[2023-03-10 16:28:55.464] [info] DeGrooteFregly2016Muscle 'gaslat' is exceeding maximum contraction velocity at time 1.82333 s.
[2023-03-10 16:28:55.494] [info] DeGrooteFregly2016Muscle 'gaslat' is exceeding maximum contraction velocity at time 1.83167 s.
[2023-03-10 16:28:56.564] [info] DeGrooteFregly2016Muscle 'gaslat' is exceeding maximum contraction velocity at time 1.83167 s.
[2023-03-10 16:28:56.595] [info] DeGrooteFregly2016Muscle 'gaslat' is exceeding maximum contraction velocity at time 1.84 s.
[2023-03-10 16:28:57.694] [info] DeGrooteFregly2016Muscle 'gaslat' is exceeding maximum contraction velocity at time 1.84 s.
[2023-03-10 16:28:57.733] [info] DeGrooteFregly2016Muscle 'gaslat' is exceeding maximum contraction velocity at time 1.84833 s.
[2023-03-10 16:28:58.822] [info] DeGrooteFregly2016Muscle 'gaslat' is exceeding maximum contraction velocity at time 1.84833 s.
[2023-03-10 16:28:58.860] [info] DeGrooteFregly2016Muscle 'gaslat' is exceeding maximum contraction velocity at time 1.85667 s.
[2023-03-10 16:28:59.907] [info] DeGrooteFregly2016Muscle 'gaslat' is exceeding maximum contraction velocity at time 1.85667 s.
[2023-03-10 16:28:59.948] [info] DeGrooteFregly2016Muscle 'gaslat' is exceeding maximum contraction velocity at time 1.865 s.
[2023-03-10 16:29:01.058] [info] DeGrooteFregly2016Muscle 'gaslat' is exceeding maximum contraction velocity at time 1.865 s.
[2023-03-10 16:29:01.096] [info] DeGrooteFregly2016Muscle 'gaslat' is exceeding maximum contraction velocity at time 1.87333 s.
[2023-03-10 16:29:02.122] [info] DeGrooteFregly2016Muscle 'gaslat' is exceeding maximum contraction velocity at time 1.87333 s.
[2023-03-10 16:29:02.162] [info] DeGrooteFregly2016Muscle 'gaslat' is exceeding maximum contraction velocity at time 1.88167 s.
[2023-03-10 16:29:03.413] [info] DeGrooteFregly2016Muscle 'gaslat' is exceeding maximum contraction velocity at time 1.88167 s.
[2023-03-10 16:29:03.446] [info] DeGrooteFregly2016Muscle 'gaslat' is exceeding maximum contraction velocity at time 1.89 s.
[2023-03-10 16:29:04.563] [info] DeGrooteFregly2016Muscle 'gaslat' is exceeding maximum contraction velocity at time 1.89 s.
[2023-03-10 16:29:04.598] [info] DeGrooteFregly2016Muscle 'gaslat' is exceeding maximum contraction velocity at time 1.89833 s.
[2023-03-10 16:29:05.974] [info] DeGrooteFregly2016Muscle 'gaslat' is exceeding maximum contraction velocity at time 1.89833 s.
[2023-03-10 16:29:06.019] [info] DeGrooteFregly2016Muscle 'gaslat' is exceeding maximum contraction velocity at time 1.90667 s.
[2023-03-10 16:29:07.685] [info] DeGrooteFregly2016Muscle 'gaslat' is exceeding maximum contraction velocity at time 1.90667 s.
[2023-03-10 16:29:07.719] [info] DeGrooteFregly2016Muscle 'gaslat' is exceeding maximum contraction velocity at time 1.915 s.
[2023-03-10 16:29:09.016] [info] DeGrooteFregly2016Muscle 'gaslat' is exceeding maximum contraction velocity at time 1.915 s.
[2023-03-10 16:29:09.099] [info] DeGrooteFregly2016Muscle 'gaslat' is exceeding maximum contraction velocity at time 1.92333 s.
[2023-03-10 16:29:10.584] [info] DeGrooteFregly2016Muscle 'gaslat' is exceeding maximum contraction velocity at time 1.92333 s.
[2023-03-10 16:29:10.615] [info] DeGrooteFregly2016Muscle 'gaslat' is exceeding maximum contraction velocity at time 1.93167 s.
[2023-03-10 16:29:11.784] [info] DeGrooteFregly2016Muscle 'gaslat' is exceeding maximum contraction velocity at time 1.93167 s.
[2023-03-10 16:29:11.822] [info] DeGrooteFregly2016Muscle 'gaslat' is exceeding maximum contraction velocity at time 1.94 s.
[2023-03-10 16:29:13.115] [info] DeGrooteFregly2016Muscle 'gaslat' is exceeding maximum contraction velocity at time 1.94 s.
[2023-03-10 16:29:13.158] [info] DeGrooteFregly2016Muscle 'gaslat' is exceeding maximum contraction velocity at time 1.94833 s.
[2023-03-10 16:29:14.698] [info] DeGrooteFregly2016Muscle 'gaslat' is exceeding maximum contraction velocity at time 1.94833 s.
[2023-03-10 16:29:14.727] [info] DeGrooteFregly2016Muscle 'gaslat' is exceeding maximum contraction velocity at time 1.95667 s.
[2023-03-10 16:29:15.921] [info] DeGrooteFregly2016Muscle 'gaslat' is exceeding maximum contraction velocity at time 1.95667 s.
[2023-03-10 16:29:15.966] [info] DeGrooteFregly2016Muscle 'gaslat' is exceeding maximum contraction velocity at time 1.965 s.
[2023-03-10 16:29:17.207] [info] DeGrooteFregly2016Muscle 'gaslat' is exceeding maximum contraction velocity at time 1.965 s.
[2023-03-10 16:29:17.250] [info] DeGrooteFregly2016Muscle 'gaslat' is exceeding maximum contraction velocity at time 1.97333 s.
[2023-03-10 16:29:18.564] [info] DeGrooteFregly2016Muscle 'gaslat' is exceeding maximum contraction velocity at time 1.97333 s.
[2023-03-10 16:29:18.598] [info] DeGrooteFregly2016Muscle 'gaslat' is exceeding maximum contraction velocity at time 1.98167 s.
[2023-03-10 16:29:19.794] [info] DeGrooteFregly2016Muscle 'gaslat' is exceeding maximum contraction velocity at time 1.98167 s.
[2023-03-10 16:29:19.833] [info] DeGrooteFregly2016Muscle 'gaslat' is exceeding maximum contraction velocity at time 1.99 s.
[2023-03-10 16:29:21.021] [info] DeGrooteFregly2016Muscle 'gaslat' is exceeding maximum contraction velocity at time 1.99 s.
[2023-03-10 16:29:21.054] [info] DeGrooteFregly2016Muscle 'gaslat' is exceeding maximum contraction velocity at time 1.99833 s.
[2023-03-10 16:29:22.243] [info] DeGrooteFregly2016Muscle 'gaslat' is exceeding maximum contraction velocity at time 1.99833 s.
[2023-03-10 16:29:22.290] [info] DeGrooteFregly2016Muscle 'gaslat' is exceeding maximum contraction velocity at time 2.00667 s.
[2023-03-10 16:29:23.506] [info] DeGrooteFregly2016Muscle 'gaslat' is exceeding maximum contraction velocity at time 2.00667 s.
[2023-03-10 16:29:23.536] [info] DeGrooteFregly2016Muscle 'gaslat' is exceeding maximum contraction velocity at time 2.015 s.
[2023-03-10 16:29:24.866] [info] DeGrooteFregly2016Muscle 'gaslat' is exceeding maximum contraction velocity at time 2.015 s.
[2023-03-10 16:29:24.953] [info] DeGrooteFregly2016Muscle 'gaslat' is exceeding maximum contraction velocity at time 2.02333 s.
[2023-03-10 16:29:26.287] [info] DeGrooteFregly2016Muscle 'gaslat' is exceeding maximum contraction velocity at time 2.02333 s.
[2023-03-10 16:29:26.325] [info] DeGrooteFregly2016Muscle 'gaslat' is exceeding maximum contraction velocity at time 2.03167 s.
[2023-03-10 16:29:27.573] [info] DeGrooteFregly2016Muscle 'gaslat' is exceeding maximum contraction velocity at time 2.03167 s.
[2023-03-10 16:29:27.620] [info] DeGrooteFregly2016Muscle 'gaslat' is exceeding maximum contraction velocity at time 2.04 s.
[2023-03-10 16:29:28.858] [info] DeGrooteFregly2016Muscle 'gaslat' is exceeding maximum contraction velocity at time 2.04 s.
[2023-03-10 16:29:28.899] [info] DeGrooteFregly2016Muscle 'gaslat' is exceeding maximum contraction velocity at time 2.04833 s.
[2023-03-10 16:29:30.209] [info] DeGrooteFregly2016Muscle 'gaslat' is exceeding maximum contraction velocity at time 2.04833 s.
[2023-03-10 16:29:30.248] [info] DeGrooteFregly2016Muscle 'gaslat' is exceeding maximum contraction velocity at time 2.05667 s.
[2023-03-10 16:29:31.486] [info] DeGrooteFregly2016Muscle 'gaslat' is exceeding maximum contraction velocity at time 2.05667 s.
[2023-03-10 16:29:31.525] [info] DeGrooteFregly2016Muscle 'gaslat' is exceeding maximum contraction velocity at time 2.065 s.
[2023-03-10 16:29:32.756] [info] DeGrooteFregly2016Muscle 'gaslat' is exceeding maximum contraction velocity at time 2.065 s.
[2023-03-10 16:29:32.792] [info] DeGrooteFregly2016Muscle 'gaslat' is exceeding maximum contraction velocity at time 2.07333 s.
[2023-03-10 16:29:33.949] [info] DeGrooteFregly2016Muscle 'gaslat' is exceeding maximum contraction velocity at time 2.07333 s.
[2023-03-10 16:29:33.980] [info] DeGrooteFregly2016Muscle 'gaslat' is exceeding maximum contraction velocity at time 2.08167 s.
[2023-03-10 16:29:35.145] [info] DeGrooteFregly2016Muscle 'gaslat' is exceeding maximum contraction velocity at time 2.08167 s.
[2023-03-10 16:29:35.183] [info] DeGrooteFregly2016Muscle 'gaslat' is exceeding maximum contraction velocity at time 2.09 s.
[2023-03-10 16:29:36.408] [info] DeGrooteFregly2016Muscle 'gaslat' is exceeding maximum contraction velocity at time 2.09 s.
[2023-03-10 16:29:36.446] [info] DeGrooteFregly2016Muscle 'gaslat' is exceeding maximum contraction velocity at time 2.09833 s.
[2023-03-10 16:29:37.699] [info] DeGrooteFregly2016Muscle 'gaslat' is exceeding maximum contraction velocity at time 2.09833 s.
[2023-03-10 16:29:37.738] [info] DeGrooteFregly2016Muscle 'gaslat' is exceeding maximum contraction velocity at time 2.10667 s.
[2023-03-10 16:29:38.944] [info] DeGrooteFregly2016Muscle 'gaslat' is exceeding maximum contraction velocity at time 2.10667 s.
[2023-03-10 16:29:39.027] [info] DeGrooteFregly2016Muscle 'gaslat' is exceeding maximum contraction velocity at time 2.115 s.
[2023-03-10 16:29:40.144] [info] DeGrooteFregly2016Muscle 'gaslat' is exceeding maximum contraction velocity at time 2.115 s.
[2023-03-10 16:29:40.185] [info] DeGrooteFregly2016Muscle 'gaslat' is exceeding maximum contraction velocity at time 2.12333 s.
[2023-03-10 16:29:41.301] [info] DeGrooteFregly2016Muscle 'gaslat' is exceeding maximum contraction velocity at time 2.12333 s.
[2023-03-10 16:29:41.331] [info] DeGrooteFregly2016Muscle 'gaslat' is exceeding maximum contraction velocity at time 2.13167 s.
[2023-03-10 16:29:42.448] [info] DeGrooteFregly2016Muscle 'gaslat' is exceeding maximum contraction velocity at time 2.13167 s.
[2023-03-10 16:29:42.481] [info] DeGrooteFregly2016Muscle 'gaslat' is exceeding maximum contraction velocity at time 2.14 s.
[2023-03-10 16:29:43.585] [info] DeGrooteFregly2016Muscle 'gaslat' is exceeding maximum contraction velocity at time 2.14 s.
[2023-03-10 16:29:43.636] [info] DeGrooteFregly2016Muscle 'gaslat' is exceeding maximum contraction velocity at time 2.14833 s.
[2023-03-10 16:29:44.737] [info] DeGrooteFregly2016Muscle 'gaslat' is exceeding maximum contraction velocity at time 2.14833 s.
[2023-03-10 16:29:44.780] [info] DeGrooteFregly2016Muscle 'gaslat' is exceeding maximum contraction velocity at time 2.15667 s.
[2023-03-10 16:29:45.865] [info] DeGrooteFregly2016Muscle 'gaslat' is exceeding maximum contraction velocity at time 2.15667 s.
[2023-03-10 16:29:45.893] [info] DeGrooteFregly2016Muscle 'gaslat' is exceeding maximum contraction velocity at time 2.165 s.
[2023-03-10 16:29:46.985] [info] DeGrooteFregly2016Muscle 'gaslat' is exceeding maximum contraction velocity at time 2.165 s.
[2023-03-10 16:29:47.021] [info] DeGrooteFregly2016Muscle 'gaslat' is exceeding maximum contraction velocity at time 2.17333 s.
[2023-03-10 16:29:48.113] [info] DeGrooteFregly2016Muscle 'gaslat' is exceeding maximum contraction velocity at time 2.17333 s.
[2023-03-10 16:29:48.148] [info] DeGrooteFregly2016Muscle 'gaslat' is exceeding maximum contraction velocity at time 2.18167 s.
[2023-03-10 16:29:49.259] [info] DeGrooteFregly2016Muscle 'gaslat' is exceeding maximum contraction velocity at time 2.18167 s.
[2023-03-10 16:29:49.290] [info] DeGrooteFregly2016Muscle 'gaslat' is exceeding maximum contraction velocity at time 2.19 s.
[2023-03-10 16:29:50.381] [info] DeGrooteFregly2016Muscle 'gaslat' is exceeding maximum contraction velocity at time 2.19 s.
[2023-03-10 16:29:50.417] [info] DeGrooteFregly2016Muscle 'gaslat' is exceeding maximum contraction velocity at time 2.19833 s.
[2023-03-10 16:29:51.494] [info] DeGrooteFregly2016Muscle 'gaslat' is exceeding maximum contraction velocity at time 2.19833 s.
[2023-03-10 16:29:51.529] [info] DeGrooteFregly2016Muscle 'gaslat' is exceeding maximum contraction velocity at time 2.20667 s.
[2023-03-10 16:29:52.669] [info] DeGrooteFregly2016Muscle 'gaslat' is exceeding maximum contraction velocity at time 2.20667 s.
[2023-03-10 16:29:52.756] [info] DeGrooteFregly2016Muscle 'gaslat' is exceeding maximum contraction velocity at time 2.215 s.
[2023-03-10 16:29:53.874] [info] DeGrooteFregly2016Muscle 'gaslat' is exceeding maximum contraction velocity at time 2.215 s.
[2023-03-10 16:29:53.920] [info] DeGrooteFregly2016Muscle 'gaslat' is exceeding maximum contraction velocity at time 2.22333 s.
[2023-03-10 16:29:55.056] [info] DeGrooteFregly2016Muscle 'gaslat' is exceeding maximum contraction velocity at time 2.22333 s.
[2023-03-10 16:29:55.101] [info] DeGrooteFregly2016Muscle 'gaslat' is exceeding maximum contraction velocity at time 2.23167 s.
[2023-03-10 16:29:56.152] [info] DeGrooteFregly2016Muscle 'gaslat' is exceeding maximum contraction velocity at time 2.23167 s.
[2023-03-10 16:29:56.202] [info] DeGrooteFregly2016Muscle 'gaslat' is exceeding maximum contraction velocity at time 2.24 s.
[2023-03-10 16:29:57.255] [info] DeGrooteFregly2016Muscle 'gaslat' is exceeding maximum contraction velocity at time 2.24 s.
[2023-03-10 16:29:57.291] [info] DeGrooteFregly2016Muscle 'gaslat' is exceeding maximum contraction velocity at time 2.24833 s.
[2023-03-10 16:29:58.332] [info] DeGrooteFregly2016Muscle 'gaslat' is exceeding maximum contraction velocity at time 2.24833 s.
[2023-03-10 16:29:58.370] [info] DeGrooteFregly2016Muscle 'gaslat' is exceeding maximum contraction velocity at time 2.25667 s.
[2023-03-10 16:29:59.416] [info] DeGrooteFregly2016Muscle 'gaslat' is exceeding maximum contraction velocity at time 2.25667 s.
[2023-03-10 16:29:59.444] [info] DeGrooteFregly2016Muscle 'gaslat' is exceeding maximum contraction velocity at time 2.265 s.
[2023-03-10 16:30:00.512] [info] DeGrooteFregly2016Muscle 'gaslat' is exceeding maximum contraction velocity at time 2.265 s.
[2023-03-10 16:30:00.545] [info] DeGrooteFregly2016Muscle 'gaslat' is exceeding maximum contraction velocity at time 2.27333 s.
[2023-03-10 16:30:01.565] [info] DeGrooteFregly2016Muscle 'gaslat' is exceeding maximum contraction velocity at time 2.27333 s.
[2023-03-10 16:30:01.601] [info] DeGrooteFregly2016Muscle 'gaslat' is exceeding maximum contraction velocity at time 2.28167 s.
[2023-03-10 16:30:02.627] [info] DeGrooteFregly2016Muscle 'gaslat' is exceeding maximum contraction velocity at time 2.28167 s.
[2023-03-10 16:30:02.654] [info] DeGrooteFregly2016Muscle 'gaslat' is exceeding maximum contraction velocity at time 2.29 s.
[2023-03-10 16:30:03.701] [info] DeGrooteFregly2016Muscle 'gaslat' is exceeding maximum contraction velocity at time 2.29 s.
[2023-03-10 16:30:03.730] [info] DeGrooteFregly2016Muscle 'gaslat' is exceeding maximum contraction velocity at time 2.29833 s.
[2023-03-10 16:30:04.789] [info] DeGrooteFregly2016Muscle 'gaslat' is exceeding maximum contraction velocity at time 2.29833 s.
[2023-03-10 16:30:04.816] [info] DeGrooteFregly2016Muscle 'gaslat' is exceeding maximum contraction velocity at time 2.30667 s.
[2023-03-10 16:30:05.862] [info] DeGrooteFregly2016Muscle 'gaslat' is exceeding maximum contraction velocity at time 2.30667 s.
[2023-03-10 16:30:05.934] [info] DeGrooteFregly2016Muscle 'gaslat' is exceeding maximum contraction velocity at time 2.315 s.
[2023-03-10 16:30:06.972] [info] DeGrooteFregly2016Muscle 'gaslat' is exceeding maximum contraction velocity at time 2.315 s.
[2023-03-10 16:30:07.000] [info] DeGrooteFregly2016Muscle 'gaslat' is exceeding maximum contraction velocity at time 2.32333 s.
[2023-03-10 16:30:08.150] [info] DeGrooteFregly2016Muscle 'gaslat' is exceeding maximum contraction velocity at time 2.32333 s.
[2023-03-10 16:30:08.185] [info] DeGrooteFregly2016Muscle 'gaslat' is exceeding maximum contraction velocity at time 2.33167 s.
[2023-03-10 16:30:09.269] [info] DeGrooteFregly2016Muscle 'gaslat' is exceeding maximum contraction velocity at time 2.33167 s.
[2023-03-10 16:30:09.301] [info] DeGrooteFregly2016Muscle 'gaslat' is exceeding maximum contraction velocity at time 2.34 s.
[2023-03-10 16:30:10.409] [info] DeGrooteFregly2016Muscle 'gaslat' is exceeding maximum contraction velocity at time 2.34 s.
[2023-03-10 16:30:10.443] [info] DeGrooteFregly2016Muscle 'gaslat' is exceeding maximum contraction velocity at time 2.34833 s.
[2023-03-10 16:30:11.536] [info] DeGrooteFregly2016Muscle 'gaslat' is exceeding maximum contraction velocity at time 2.34833 s.
[2023-03-10 16:30:11.571] [info] DeGrooteFregly2016Muscle 'gaslat' is exceeding maximum contraction velocity at time 2.35667 s.
[2023-03-10 16:30:12.671] [info] DeGrooteFregly2016Muscle 'gaslat' is exceeding maximum contraction velocity at time 2.35667 s.
[2023-03-10 16:30:27.752] [info] DeGrooteFregly2016Muscle 'gaslat' is exceeding maximum contraction velocity at time 2.48167 s.
[2023-03-10 16:30:28.877] [info] DeGrooteFregly2016Muscle 'gaslat' is exceeding maximum contraction velocity at time 2.48167 s.
[2023-03-10 16:30:28.911] [info] DeGrooteFregly2016Muscle 'gaslat' is exceeding maximum contraction velocity at time 2.49 s.
[2023-03-10 16:30:29.977] [info] DeGrooteFregly2016Muscle 'gaslat' is exceeding maximum contraction velocity at time 2.49 s.
[2023-03-10 16:30:30.007] [info] DeGrooteFregly2016Muscle 'gaslat' is exceeding maximum contraction velocity at time 2.49833 s.
[2023-03-10 16:30:31.022] [info] DeGrooteFregly2016Muscle 'gaslat' is exceeding maximum contraction velocity at time 2.49833 s.
[2023-03-10 16:30:31.051] [info] DeGrooteFregly2016Muscle 'gaslat' is exceeding maximum contraction velocity at time 2.50667 s.
[2023-03-10 16:30:32.055] [info] DeGrooteFregly2016Muscle 'gaslat' is exceeding maximum contraction velocity at time 2.50667 s.
[2023-03-10 16:30:32.131] [info] DeGrooteFregly2016Muscle 'gaslat' is exceeding maximum contraction velocity at time 2.515 s.
[2023-03-10 16:30:33.159] [info] DeGrooteFregly2016Muscle 'gaslat' is exceeding maximum contraction velocity at time 2.515 s.
[2023-03-10 16:30:33.188] [info] DeGrooteFregly2016Muscle 'gaslat' is exceeding maximum contraction velocity at time 2.52333 s.
[2023-03-10 16:30:34.194] [info] DeGrooteFregly2016Muscle 'gaslat' is exceeding maximum contraction velocity at time 2.52333 s.
[2023-03-10 16:30:34.223] [info] DeGrooteFregly2016Muscle 'gaslat' is exceeding maximum contraction velocity at time 2.53167 s.
[2023-03-10 16:30:35.227] [info] DeGrooteFregly2016Muscle 'gaslat' is exceeding maximum contraction velocity at time 2.53167 s.
[2023-03-10 16:30:35.253] [info] DeGrooteFregly2016Muscle 'gaslat' is exceeding maximum contraction velocity at time 2.54 s.
[2023-03-10 16:30:36.347] [info] DeGrooteFregly2016Muscle 'gaslat' is exceeding maximum contraction velocity at time 2.54 s.
[2023-03-10 16:30:36.393] [info] DeGrooteFregly2016Muscle 'gaslat' is exceeding maximum contraction velocity at time 2.54833 s.
[2023-03-10 16:30:37.450] [info] DeGrooteFregly2016Muscle 'gaslat' is exceeding maximum contraction velocity at time 2.54833 s.
[2023-03-10 16:30:37.487] [info] DeGrooteFregly2016Muscle 'gaslat' is exceeding maximum contraction velocity at time 2.55667 s.
[2023-03-10 16:30:38.571] [info] DeGrooteFregly2016Muscle 'gaslat' is exceeding maximum contraction velocity at time 2.55667 s.
[2023-03-10 16:30:38.602] [info] DeGrooteFregly2016Muscle 'gaslat' is exceeding maximum contraction velocity at time 2.565 s.
[2023-03-10 16:30:39.754] [info] DeGrooteFregly2016Muscle 'gaslat' is exceeding maximum contraction velocity at time 2.565 s.
[2023-03-10 16:30:39.782] [info] DeGrooteFregly2016Muscle 'gaslat' is exceeding maximum contraction velocity at time 2.57333 s.
[2023-03-10 16:30:40.864] [info] DeGrooteFregly2016Muscle 'gaslat' is exceeding maximum contraction velocity at time 2.57333 s.
[2023-03-10 16:30:40.890] [info] DeGrooteFregly2016Muscle 'gaslat' is exceeding maximum contraction velocity at time 2.58167 s.
[2023-03-10 16:30:42.004] [info] DeGrooteFregly2016Muscle 'gaslat' is exceeding maximum contraction velocity at time 2.58167 s.
[2023-03-10 16:30:42.037] [info] DeGrooteFregly2016Muscle 'gaslat' is exceeding maximum contraction velocity at time 2.59 s.
[2023-03-10 16:30:43.064] [info] DeGrooteFregly2016Muscle 'gaslat' is exceeding maximum contraction velocity at time 2.59 s.
[2023-03-10 16:30:43.090] [info] DeGrooteFregly2016Muscle 'gaslat' is exceeding maximum contraction velocity at time 2.59833 s.
[2023-03-10 16:30:44.127] [info] DeGrooteFregly2016Muscle 'gaslat' is exceeding maximum contraction velocity at time 2.59833 s.
[2023-03-10 16:30:44.153] [info] DeGrooteFregly2016Muscle 'gaslat' is exceeding maximum contraction velocity at time 2.60667 s.
[2023-03-10 16:30:45.234] [info] DeGrooteFregly2016Muscle 'gaslat' is exceeding maximum contraction velocity at time 2.60667 s.
[2023-03-10 16:30:45.271] [info] DeGrooteFregly2016Muscle 'gaslat' is exceeding maximum contraction velocity at time 2.615 s.
[2023-03-10 16:30:46.455] [info] DeGrooteFregly2016Muscle 'gaslat' is exceeding maximum contraction velocity at time 2.615 s.
[2023-03-10 16:30:46.486] [info] DeGrooteFregly2016Muscle 'gaslat' is exceeding maximum contraction velocity at time 2.62333 s.
[2023-03-10 16:30:47.533] [info] DeGrooteFregly2016Muscle 'gaslat' is exceeding maximum contraction velocity at time 2.62333 s.
[2023-03-10 16:30:47.565] [info] DeGrooteFregly2016Muscle 'gaslat' is exceeding maximum contraction velocity at time 2.63167 s.
[2023-03-10 16:30:48.602] [info] DeGrooteFregly2016Muscle 'gaslat' is exceeding maximum contraction velocity at time 2.63167 s.
[2023-03-10 16:30:48.637] [info] DeGrooteFregly2016Muscle 'gaslat' is exceeding maximum contraction velocity at time 2.64 s.
[2023-03-10 16:30:49.709] [info] DeGrooteFregly2016Muscle 'gaslat' is exceeding maximum contraction velocity at time 2.64 s.
[2023-03-10 16:30:49.746] [info] DeGrooteFregly2016Muscle 'gaslat' is exceeding maximum contraction velocity at time 2.64833 s.
[2023-03-10 16:30:50.773] [info] DeGrooteFregly2016Muscle 'gaslat' is exceeding maximum contraction velocity at time 2.64833 s.
[2023-03-10 16:30:50.803] [info] DeGrooteFregly2016Muscle 'gaslat' is exceeding maximum contraction velocity at time 2.65667 s.
[2023-03-10 16:30:51.845] [info] DeGrooteFregly2016Muscle 'gaslat' is exceeding maximum contraction velocity at time 2.65667 s.
[2023-03-10 16:30:51.882] [info] DeGrooteFregly2016Muscle 'gaslat' is exceeding maximum contraction velocity at time 2.665 s.
[2023-03-10 16:30:52.905] [info] DeGrooteFregly2016Muscle 'gaslat' is exceeding maximum contraction velocity at time 2.665 s.
[2023-03-10 16:30:52.935] [info] DeGrooteFregly2016Muscle 'gaslat' is exceeding maximum contraction velocity at time 2.67333 s.
[2023-03-10 16:30:53.999] [info] DeGrooteFregly2016Muscle 'gaslat' is exceeding maximum contraction velocity at time 2.67333 s.
[2023-03-10 16:30:54.035] [info] DeGrooteFregly2016Muscle 'gaslat' is exceeding maximum contraction velocity at time 2.68167 s.
[2023-03-10 16:30:55.200] [info] DeGrooteFregly2016Muscle 'gaslat' is exceeding maximum contraction velocity at time 2.68167 s.
[2023-03-10 16:30:55.231] [info] DeGrooteFregly2016Muscle 'gaslat' is exceeding maximum contraction velocity at time 2.69 s.
[2023-03-10 16:30:56.372] [info] DeGrooteFregly2016Muscle 'gaslat' is exceeding maximum contraction velocity at time 2.69 s.
[2023-03-10 16:30:56.398] [info] DeGrooteFregly2016Muscle 'gaslat' is exceeding maximum contraction velocity at time 2.69833 s.
[2023-03-10 16:30:57.570] [info] DeGrooteFregly2016Muscle 'gaslat' is exceeding maximum contraction velocity at time 2.69833 s.
[2023-03-10 16:30:57.606] [info] DeGrooteFregly2016Muscle 'gaslat' is exceeding maximum contraction velocity at time 2.70667 s.
[2023-03-10 16:30:58.734] [info] DeGrooteFregly2016Muscle 'gaslat' is exceeding maximum contraction velocity at time 2.70667 s.
[2023-03-10 16:30:58.763] [info] DeGrooteFregly2016Muscle 'gaslat' is exceeding maximum contraction velocity at time 2.715 s.
[2023-03-10 16:30:59.899] [info] DeGrooteFregly2016Muscle 'gaslat' is exceeding maximum contraction velocity at time 2.715 s.
[2023-03-10 16:30:59.924] [info] DeGrooteFregly2016Muscle 'gaslat' is exceeding maximum contraction velocity at time 2.72333 s.
[2023-03-10 16:31:01.248] [info] DeGrooteFregly2016Muscle 'gaslat' is exceeding maximum contraction velocity at time 2.72333 s.
[2023-03-10 16:31:01.286] [info] DeGrooteFregly2016Muscle 'gaslat' is exceeding maximum contraction velocity at time 2.73167 s.
[2023-03-10 16:31:02.466] [info] DeGrooteFregly2016Muscle 'gaslat' is exceeding maximum contraction velocity at time 2.73167 s.
[2023-03-10 16:31:02.509] [info] DeGrooteFregly2016Muscle 'gaslat' is exceeding maximum contraction velocity at time 2.74 s.
[2023-03-10 16:31:03.741] [info] DeGrooteFregly2016Muscle 'gaslat' is exceeding maximum contraction velocity at time 2.74 s.
[2023-03-10 16:31:03.785] [info] DeGrooteFregly2016Muscle 'gaslat' is exceeding maximum contraction velocity at time 2.74833 s.
[2023-03-10 16:31:04.952] [info] DeGrooteFregly2016Muscle 'gaslat' is exceeding maximum contraction velocity at time 2.74833 s.
[2023-03-10 16:31:04.988] [info] DeGrooteFregly2016Muscle 'gaslat' is exceeding maximum contraction velocity at time 2.75667 s.
[2023-03-10 16:31:06.083] [info] DeGrooteFregly2016Muscle 'gaslat' is exceeding maximum contraction velocity at time 2.75667 s.
[2023-03-10 16:31:06.117] [info] DeGrooteFregly2016Muscle 'gaslat' is exceeding maximum contraction velocity at time 2.765 s.
[2023-03-10 16:31:07.150] [info] DeGrooteFregly2016Muscle 'gaslat' is exceeding maximum contraction velocity at time 2.765 s.
[2023-03-10 16:31:07.179] [info] DeGrooteFregly2016Muscle 'gaslat' is exceeding maximum contraction velocity at time 2.77333 s.
[2023-03-10 16:31:08.232] [info] DeGrooteFregly2016Muscle 'gaslat' is exceeding maximum contraction velocity at time 2.77333 s.
[2023-03-10 16:31:08.258] [info] DeGrooteFregly2016Muscle 'gaslat' is exceeding maximum contraction velocity at time 2.78167 s.
[2023-03-10 16:31:09.466] [info] DeGrooteFregly2016Muscle 'gaslat' is exceeding maximum contraction velocity at time 2.78167 s.
[2023-03-10 16:31:09.499] [info] DeGrooteFregly2016Muscle 'gaslat' is exceeding maximum contraction velocity at time 2.79 s.
[2023-03-10 16:31:10.605] [info] DeGrooteFregly2016Muscle 'gaslat' is exceeding maximum contraction velocity at time 2.79 s.
[2023-03-10 16:31:10.644] [info] DeGrooteFregly2016Muscle 'gaslat' is exceeding maximum contraction velocity at time 2.79833 s.
[2023-03-10 16:31:11.726] [info] DeGrooteFregly2016Muscle 'gaslat' is exceeding maximum contraction velocity at time 2.79833 s.
[2023-03-10 16:31:11.763] [info] DeGrooteFregly2016Muscle 'gaslat' is exceeding maximum contraction velocity at time 2.80667 s.
[2023-03-10 16:31:12.837] [info] DeGrooteFregly2016Muscle 'gaslat' is exceeding maximum contraction velocity at time 2.80667 s.
[2023-03-10 16:31:12.870] [info] DeGrooteFregly2016Muscle 'gaslat' is exceeding maximum contraction velocity at time 2.815 s.
[2023-03-10 16:31:14.057] [info] DeGrooteFregly2016Muscle 'gaslat' is exceeding maximum contraction velocity at time 2.815 s.
[2023-03-10 16:31:14.100] [info] DeGrooteFregly2016Muscle 'gaslat' is exceeding maximum contraction velocity at time 2.82333 s.
[2023-03-10 16:31:15.349] [info] DeGrooteFregly2016Muscle 'gaslat' is exceeding maximum contraction velocity at time 2.82333 s.
[2023-03-10 16:31:15.382] [info] DeGrooteFregly2016Muscle 'gaslat' is exceeding maximum contraction velocity at time 2.83167 s.
[2023-03-10 16:31:16.515] [info] DeGrooteFregly2016Muscle 'gaslat' is exceeding maximum contraction velocity at time 2.83167 s.
[2023-03-10 16:31:16.548] [info] DeGrooteFregly2016Muscle 'gaslat' is exceeding maximum contraction velocity at time 2.84 s.
[2023-03-10 16:31:17.821] [info] DeGrooteFregly2016Muscle 'gaslat' is exceeding maximum contraction velocity at time 2.84 s.
[2023-03-10 16:31:17.858] [info] DeGrooteFregly2016Muscle 'gaslat' is exceeding maximum contraction velocity at time 2.84833 s.
[2023-03-10 16:31:19.004] [info] DeGrooteFregly2016Muscle 'gaslat' is exceeding maximum contraction velocity at time 2.84833 s.
[2023-03-10 16:31:19.039] [info] DeGrooteFregly2016Muscle 'gaslat' is exceeding maximum contraction velocity at time 2.85667 s.
[2023-03-10 16:31:20.136] [info] DeGrooteFregly2016Muscle 'gaslat' is exceeding maximum contraction velocity at time 2.85667 s.
[2023-03-10 16:31:20.174] [info] DeGrooteFregly2016Muscle 'gaslat' is exceeding maximum contraction velocity at time 2.865 s.
[2023-03-10 16:31:21.265] [info] DeGrooteFregly2016Muscle 'gaslat' is exceeding maximum contraction velocity at time 2.865 s.
[2023-03-10 16:31:21.304] [info] DeGrooteFregly2016Muscle 'gaslat' is exceeding maximum contraction velocity at time 2.87333 s.
[2023-03-10 16:31:22.442] [info] DeGrooteFregly2016Muscle 'gaslat' is exceeding maximum contraction velocity at time 2.87333 s.
[2023-03-10 16:31:22.477] [info] DeGrooteFregly2016Muscle 'gaslat' is exceeding maximum contraction velocity at time 2.88167 s.
[2023-03-10 16:31:23.575] [info] DeGrooteFregly2016Muscle 'gaslat' is exceeding maximum contraction velocity at time 2.88167 s.
[2023-03-10 16:31:23.605] [info] DeGrooteFregly2016Muscle 'gaslat' is exceeding maximum contraction velocity at time 2.89 s.
[2023-03-10 16:31:24.715] [info] DeGrooteFregly2016Muscle 'gaslat' is exceeding maximum contraction velocity at time 2.89 s.
[2023-03-10 16:31:24.742] [info] DeGrooteFregly2016Muscle 'gaslat' is exceeding maximum contraction velocity at time 2.89833 s.
[2023-03-10 16:31:25.838] [info] DeGrooteFregly2016Muscle 'gaslat' is exceeding maximum contraction velocity at time 2.89833 s.
[2023-03-10 16:31:25.871] [info] DeGrooteFregly2016Muscle 'gaslat' is exceeding maximum contraction velocity at time 2.90667 s.
[2023-03-10 16:31:26.982] [info] DeGrooteFregly2016Muscle 'gaslat' is exceeding maximum contraction velocity at time 2.90667 s.
[2023-03-10 16:31:27.010] [info] DeGrooteFregly2016Muscle 'gaslat' is exceeding maximum contraction velocity at time 2.915 s.
[2023-03-10 16:31:28.123] [info] DeGrooteFregly2016Muscle 'gaslat' is exceeding maximum contraction velocity at time 2.915 s.
[2023-03-10 16:31:28.157] [info] DeGrooteFregly2016Muscle 'gaslat' is exceeding maximum contraction velocity at time 2.92333 s.
[2023-03-10 16:31:29.252] [info] DeGrooteFregly2016Muscle 'gaslat' is exceeding maximum contraction velocity at time 2.92333 s.
[2023-03-10 16:31:29.287] [info] DeGrooteFregly2016Muscle 'gaslat' is exceeding maximum contraction velocity at time 2.93167 s.
[2023-03-10 16:31:30.394] [info] DeGrooteFregly2016Muscle 'gaslat' is exceeding maximum contraction velocity at time 2.93167 s.
[2023-03-10 16:31:30.425] [info] DeGrooteFregly2016Muscle 'gaslat' is exceeding maximum contraction velocity at time 2.94 s.
[2023-03-10 16:31:31.549] [info] DeGrooteFregly2016Muscle 'gaslat' is exceeding maximum contraction velocity at time 2.94 s.
[2023-03-10 16:31:31.583] [info] DeGrooteFregly2016Muscle 'gaslat' is exceeding maximum contraction velocity at time 2.94833 s.
[2023-03-10 16:31:32.683] [info] DeGrooteFregly2016Muscle 'gaslat' is exceeding maximum contraction velocity at time 2.94833 s.
[2023-03-10 16:31:32.718] [info] DeGrooteFregly2016Muscle 'gaslat' is exceeding maximum contraction velocity at time 2.95667 s.
[2023-03-10 16:31:33.851] [info] DeGrooteFregly2016Muscle 'gaslat' is exceeding maximum contraction velocity at time 2.95667 s.
[2023-03-10 16:31:33.894] [info] DeGrooteFregly2016Muscle 'gaslat' is exceeding maximum contraction velocity at time 2.965 s.
[2023-03-10 16:31:35.050] [info] DeGrooteFregly2016Muscle 'gaslat' is exceeding maximum contraction velocity at time 2.965 s.
[2023-03-10 16:31:35.095] [info] DeGrooteFregly2016Muscle 'gaslat' is exceeding maximum contraction velocity at time 2.97333 s.
[2023-03-10 16:31:36.312] [info] DeGrooteFregly2016Muscle 'gaslat' is exceeding maximum contraction velocity at time 2.97333 s.
[2023-03-10 16:31:36.340] [info] DeGrooteFregly2016Muscle 'gaslat' is exceeding maximum contraction velocity at time 2.98167 s.
[2023-03-10 16:31:37.441] [info] DeGrooteFregly2016Muscle 'gaslat' is exceeding maximum contraction velocity at time 2.98167 s.
[2023-03-10 16:31:37.471] [info] DeGrooteFregly2016Muscle 'gaslat' is exceeding maximum contraction velocity at time 2.99 s.
[2023-03-10 16:31:38.509] [info] DeGrooteFregly2016Muscle 'gaslat' is exceeding maximum contraction velocity at time 2.99 s.
[2023-03-10 16:31:38.547] [info] DeGrooteFregly2016Muscle 'gaslat' is exceeding maximum contraction velocity at time 2.99833 s.
[2023-03-10 16:31:39.563] [info] DeGrooteFregly2016Muscle 'gaslat' is exceeding maximum contraction velocity at time 2.99833 s.
[2023-03-10 16:31:39.605] [info] DeGrooteFregly2016Muscle 'gaslat' is exceeding maximum contraction velocity at time 3.00667 s.
[2023-03-10 16:31:40.646] [info] DeGrooteFregly2016Muscle 'gaslat' is exceeding maximum contraction velocity at time 3.00667 s.
[2023-03-10 16:31:40.684] [info] DeGrooteFregly2016Muscle 'gaslat' is exceeding maximum contraction velocity at time 3.015 s.
[2023-03-10 16:31:41.711] [info] DeGrooteFregly2016Muscle 'gaslat' is exceeding maximum contraction velocity at time 3.015 s.
[2023-03-10 16:31:41.741] [info] DeGrooteFregly2016Muscle 'gaslat' is exceeding maximum contraction velocity at time 3.02333 s.
[2023-03-10 16:31:42.762] [info] DeGrooteFregly2016Muscle 'gaslat' is exceeding maximum contraction velocity at time 3.02333 s.
[2023-03-10 16:31:42.799] [info] DeGrooteFregly2016Muscle 'gaslat' is exceeding maximum contraction velocity at time 3.03167 s.
[2023-03-10 16:31:43.810] [info] DeGrooteFregly2016Muscle 'gaslat' is exceeding maximum contraction velocity at time 3.03167 s.
[2023-03-10 16:31:43.847] [info] DeGrooteFregly2016Muscle 'gaslat' is exceeding maximum contraction velocity at time 3.04 s.
[2023-03-10 16:31:44.873] [info] DeGrooteFregly2016Muscle 'gaslat' is exceeding maximum contraction velocity at time 3.04 s.
[2023-03-10 16:31:44.902] [info] DeGrooteFregly2016Muscle 'gaslat' is exceeding maximum contraction velocity at time 3.04833 s.
[2023-03-10 16:31:45.948] [info] DeGrooteFregly2016Muscle 'gaslat' is exceeding maximum contraction velocity at time 3.04833 s.
[2023-03-10 16:31:45.976] [info] DeGrooteFregly2016Muscle 'gaslat' is exceeding maximum contraction velocity at time 3.05667 s.
[2023-03-10 16:31:47.017] [info] DeGrooteFregly2016Muscle 'gaslat' is exceeding maximum contraction velocity at time 3.05667 s.
[2023-03-10 16:31:47.044] [info] DeGrooteFregly2016Muscle 'gaslat' is exceeding maximum contraction velocity at time 3.065 s.
[2023-03-10 16:31:48.114] [info] DeGrooteFregly2016Muscle 'gaslat' is exceeding maximum contraction velocity at time 3.065 s.
[2023-03-10 16:31:48.149] [info] DeGrooteFregly2016Muscle 'gaslat' is exceeding maximum contraction velocity at time 3.07333 s.
[2023-03-10 16:31:49.424] [info] DeGrooteFregly2016Muscle 'gaslat' is exceeding maximum contraction velocity at time 3.07333 s.
[2023-03-10 16:31:49.459] [info] DeGrooteFregly2016Muscle 'gaslat' is exceeding maximum contraction velocity at time 3.08167 s.
[2023-03-10 16:31:50.542] [info] DeGrooteFregly2016Muscle 'gaslat' is exceeding maximum contraction velocity at time 3.08167 s.
[2023-03-10 16:31:50.581] [info] DeGrooteFregly2016Muscle 'gaslat' is exceeding maximum contraction velocity at time 3.09 s.
[2023-03-10 16:31:51.731] [info] DeGrooteFregly2016Muscle 'gaslat' is exceeding maximum contraction velocity at time 3.09 s.
[2023-03-10 16:31:51.774] [info] DeGrooteFregly2016Muscle 'gaslat' is exceeding maximum contraction velocity at time 3.09833 s.
[2023-03-10 16:31:52.874] [info] DeGrooteFregly2016Muscle 'gaslat' is exceeding maximum contraction velocity at time 3.09833 s.
[2023-03-10 16:31:52.906] [info] DeGrooteFregly2016Muscle 'gaslat' is exceeding maximum contraction velocity at time 3.10667 s.
[2023-03-10 16:31:53.939] [info] DeGrooteFregly2016Muscle 'gaslat' is exceeding maximum contraction velocity at time 3.10667 s.
[2023-03-10 16:31:53.964] [info] DeGrooteFregly2016Muscle 'gaslat' is exceeding maximum contraction velocity at time 3.115 s.
[2023-03-10 16:31:54.842] [info] DeGrooteFregly2016Muscle 'gaslat' is exceeding maximum contraction velocity at time 3.115 s.
[2023-03-10 16:31:54.867] [info] DeGrooteFregly2016Muscle 'gaslat' is exceeding maximum contraction velocity at time 3.12333 s.
[2023-03-10 16:31:55.699] [info] DeGrooteFregly2016Muscle 'gaslat' is exceeding maximum contraction velocity at time 3.12333 s.
[2023-03-10 16:31:55.722] [info] DeGrooteFregly2016Muscle 'gaslat' is exceeding maximum contraction velocity at time 3.13167 s.
[2023-03-10 16:31:56.604] [info] DeGrooteFregly2016Muscle 'gaslat' is exceeding maximum contraction velocity at time 3.13167 s.
[2023-03-10 16:31:56.627] [info] DeGrooteFregly2016Muscle 'gaslat' is exceeding maximum contraction velocity at time 3.14 s.
[2023-03-10 16:31:57.563] [info] DeGrooteFregly2016Muscle 'gaslat' is exceeding maximum contraction velocity at time 3.14 s.
[2023-03-10 16:31:57.587] [info] DeGrooteFregly2016Muscle 'gaslat' is exceeding maximum contraction velocity at time 3.14833 s.
[2023-03-10 16:31:58.572] [info] DeGrooteFregly2016Muscle 'gaslat' is exceeding maximum contraction velocity at time 3.14833 s.
[2023-03-10 16:31:58.666] [info] DeGrooteFregly2016Muscle 'gaslat' is exceeding maximum contraction velocity at time 3.15667 s.
[2023-03-10 16:31:59.645] [info] DeGrooteFregly2016Muscle 'gaslat' is exceeding maximum contraction velocity at time 3.15667 s.
[2023-03-10 16:31:59.668] [info] DeGrooteFregly2016Muscle 'gaslat' is exceeding maximum contraction velocity at time 3.165 s.
[2023-03-10 16:32:00.590] [info] DeGrooteFregly2016Muscle 'gaslat' is exceeding maximum contraction velocity at time 3.165 s.
[2023-03-10 16:32:00.613] [info] DeGrooteFregly2016Muscle 'gaslat' is exceeding maximum contraction velocity at time 3.17333 s.
[2023-03-10 16:32:01.530] [info] DeGrooteFregly2016Muscle 'gaslat' is exceeding maximum contraction velocity at time 3.17333 s.
[2023-03-10 16:32:01.551] [info] DeGrooteFregly2016Muscle 'gaslat' is exceeding maximum contraction velocity at time 3.18167 s.
[2023-03-10 16:32:02.403] [info] DeGrooteFregly2016Muscle 'gaslat' is exceeding maximum contraction velocity at time 3.18167 s.
[2023-03-10 16:32:02.428] [info] DeGrooteFregly2016Muscle 'gaslat' is exceeding maximum contraction velocity at time 3.19 s.
[2023-03-10 16:32:03.355] [info] DeGrooteFregly2016Muscle 'gaslat' is exceeding maximum contraction velocity at time 3.19 s.
[2023-03-10 16:32:03.379] [info] DeGrooteFregly2016Muscle 'gaslat' is exceeding maximum contraction velocity at time 3.19833 s.
[2023-03-10 16:32:04.361] [info] DeGrooteFregly2016Muscle 'gaslat' is exceeding maximum contraction velocity at time 3.19833 s.
[2023-03-10 16:32:04.387] [info] DeGrooteFregly2016Muscle 'gaslat' is exceeding maximum contraction velocity at time 3.20667 s.
[2023-03-10 16:32:05.400] [info] DeGrooteFregly2016Muscle 'gaslat' is exceeding maximum contraction velocity at time 3.20667 s.
[2023-03-10 16:32:05.434] [info] DeGrooteFregly2016Muscle 'gaslat' is exceeding maximum contraction velocity at time 3.215 s.
[2023-03-10 16:32:06.557] [info] DeGrooteFregly2016Muscle 'gaslat' is exceeding maximum contraction velocity at time 3.215 s.
[2023-03-10 16:32:06.590] [info] DeGrooteFregly2016Muscle 'gaslat' is exceeding maximum contraction velocity at time 3.22333 s.
[2023-03-10 16:32:07.595] [info] DeGrooteFregly2016Muscle 'gaslat' is exceeding maximum contraction velocity at time 3.22333 s.
[2023-03-10 16:32:07.624] [info] DeGrooteFregly2016Muscle 'gaslat' is exceeding maximum contraction velocity at time 3.23167 s.
[2023-03-10 16:32:08.686] [info] DeGrooteFregly2016Muscle 'gaslat' is exceeding maximum contraction velocity at time 3.23167 s.
[2023-03-10 16:32:08.717] [info] DeGrooteFregly2016Muscle 'gaslat' is exceeding maximum contraction velocity at time 3.24 s.
[2023-03-10 16:32:09.758] [info] DeGrooteFregly2016Muscle 'gaslat' is exceeding maximum contraction velocity at time 3.24 s.
[2023-03-10 16:32:09.793] [info] DeGrooteFregly2016Muscle 'gaslat' is exceeding maximum contraction velocity at time 3.24833 s.
[2023-03-10 16:32:11.066] [info] DeGrooteFregly2016Muscle 'gaslat' is exceeding maximum contraction velocity at time 3.24833 s.
[2023-03-10 16:32:11.144] [info] DeGrooteFregly2016Muscle 'gaslat' is exceeding maximum contraction velocity at time 3.25667 s.
[2023-03-10 16:32:12.310] [info] DeGrooteFregly2016Muscle 'gaslat' is exceeding maximum contraction velocity at time 3.25667 s.
[2023-03-10 16:32:12.345] [info] DeGrooteFregly2016Muscle 'gaslat' is exceeding maximum contraction velocity at time 3.265 s.
[2023-03-10 16:32:13.351] [info] DeGrooteFregly2016Muscle 'gaslat' is exceeding maximum contraction velocity at time 3.265 s.
[2023-03-10 16:32:13.384] [info] DeGrooteFregly2016Muscle 'gaslat' is exceeding maximum contraction velocity at time 3.27333 s.
[2023-03-10 16:32:14.403] [info] DeGrooteFregly2016Muscle 'gaslat' is exceeding maximum contraction velocity at time 3.27333 s.
[2023-03-10 16:32:14.440] [info] DeGrooteFregly2016Muscle 'gaslat' is exceeding maximum contraction velocity at time 3.28167 s.
[2023-03-10 16:32:15.507] [info] DeGrooteFregly2016Muscle 'gaslat' is exceeding maximum contraction velocity at time 3.28167 s.
[2023-03-10 16:32:15.535] [info] DeGrooteFregly2016Muscle 'gaslat' is exceeding maximum contraction velocity at time 3.29 s.
[2023-03-10 16:32:16.554] [info] DeGrooteFregly2016Muscle 'gaslat' is exceeding maximum contraction velocity at time 3.29 s.
[2023-03-10 16:32:16.581] [info] DeGrooteFregly2016Muscle 'gaslat' is exceeding maximum contraction velocity at time 3.29833 s.
[2023-03-10 16:32:17.612] [info] DeGrooteFregly2016Muscle 'gaslat' is exceeding maximum contraction velocity at time 3.29833 s.
[2023-03-10 16:32:17.644] [info] DeGrooteFregly2016Muscle 'gaslat' is exceeding maximum contraction velocity at time 3.30667 s.
[2023-03-10 16:32:18.692] [info] DeGrooteFregly2016Muscle 'gaslat' is exceeding maximum contraction velocity at time 3.30667 s.
[2023-03-10 16:32:18.720] [info] DeGrooteFregly2016Muscle 'gaslat' is exceeding maximum contraction velocity at time 3.315 s.
[2023-03-10 16:32:19.763] [info] DeGrooteFregly2016Muscle 'gaslat' is exceeding maximum contraction velocity at time 3.315 s.
[2023-03-10 16:32:19.794] [info] DeGrooteFregly2016Muscle 'gaslat' is exceeding maximum contraction velocity at time 3.32333 s.
[2023-03-10 16:32:20.866] [info] DeGrooteFregly2016Muscle 'gaslat' is exceeding maximum contraction velocity at time 3.32333 s.
[2023-03-10 16:32:20.902] [info] DeGrooteFregly2016Muscle 'gaslat' is exceeding maximum contraction velocity at time 3.33167 s.
[2023-03-10 16:32:21.919] [info] DeGrooteFregly2016Muscle 'gaslat' is exceeding maximum contraction velocity at time 3.33167 s.
[2023-03-10 16:32:21.964] [info] DeGrooteFregly2016Muscle 'gaslat' is exceeding maximum contraction velocity at time 3.34 s.
[2023-03-10 16:32:22.976] [info] DeGrooteFregly2016Muscle 'gaslat' is exceeding maximum contraction velocity at time 3.34 s.
[2023-03-10 16:32:23.012] [info] DeGrooteFregly2016Muscle 'gaslat' is exceeding maximum contraction velocity at time 3.34833 s.
[2023-03-10 16:32:24.021] [info] DeGrooteFregly2016Muscle 'gaslat' is exceeding maximum contraction velocity at time 3.34833 s.
[2023-03-10 16:32:24.050] [info] DeGrooteFregly2016Muscle 'gaslat' is exceeding maximum contraction velocity at time 3.35667 s.
[2023-03-10 16:32:25.281] [info] DeGrooteFregly2016Muscle 'gaslat' is exceeding maximum contraction velocity at time 3.35667 s.
[2023-03-10 16:32:25.310] [info] DeGrooteFregly2016Muscle 'gaslat' is exceeding maximum contraction velocity at time 3.365 s.
[2023-03-10 16:32:26.390] [info] DeGrooteFregly2016Muscle 'gaslat' is exceeding maximum contraction velocity at time 3.365 s.
[2023-03-10 16:32:26.437] [info] DeGrooteFregly2016Muscle 'gaslat' is exceeding maximum contraction velocity at time 3.37333 s.
[2023-03-10 16:32:27.638] [info] DeGrooteFregly2016Muscle 'gaslat' is exceeding maximum contraction velocity at time 3.37333 s.
[2023-03-10 16:32:27.671] [info] DeGrooteFregly2016Muscle 'gaslat' is exceeding maximum contraction velocity at time 3.38167 s.
[2023-03-10 16:32:29.010] [info] DeGrooteFregly2016Muscle 'gaslat' is exceeding maximum contraction velocity at time 3.38167 s.
[2023-03-10 16:32:29.056] [info] DeGrooteFregly2016Muscle 'gaslat' is exceeding maximum contraction velocity at time 3.39 s.
[2023-03-10 16:32:30.174] [info] DeGrooteFregly2016Muscle 'gaslat' is exceeding maximum contraction velocity at time 3.39 s.
[2023-03-10 16:32:30.208] [info] DeGrooteFregly2016Muscle 'gaslat' is exceeding maximum contraction velocity at time 3.39833 s.
[2023-03-10 16:32:31.230] [info] DeGrooteFregly2016Muscle 'gaslat' is exceeding maximum contraction velocity at time 3.39833 s.
[2023-03-10 16:32:31.267] [info] DeGrooteFregly2016Muscle 'gaslat' is exceeding maximum contraction velocity at time 3.40667 s.
[2023-03-10 16:32:32.300] [info] DeGrooteFregly2016Muscle 'gaslat' is exceeding maximum contraction velocity at time 3.40667 s.
[2023-03-10 16:32:32.333] [info] DeGrooteFregly2016Muscle 'gaslat' is exceeding maximum contraction velocity at time 3.415 s.
[2023-03-10 16:32:33.342] [info] DeGrooteFregly2016Muscle 'gaslat' is exceeding maximum contraction velocity at time 3.415 s.
[2023-03-10 16:32:33.372] [info] DeGrooteFregly2016Muscle 'gaslat' is exceeding maximum contraction velocity at time 3.42333 s.
[2023-03-10 16:32:34.398] [info] DeGrooteFregly2016Muscle 'gaslat' is exceeding maximum contraction velocity at time 3.42333 s.
[2023-03-10 16:32:34.425] [info] DeGrooteFregly2016Muscle 'gaslat' is exceeding maximum contraction velocity at time 3.43167 s.
[2023-03-10 16:32:35.460] [info] DeGrooteFregly2016Muscle 'gaslat' is exceeding maximum contraction velocity at time 3.43167 s.
[2023-03-10 16:32:35.493] [info] DeGrooteFregly2016Muscle 'gaslat' is exceeding maximum contraction velocity at time 3.44 s.
[2023-03-10 16:32:36.541] [info] DeGrooteFregly2016Muscle 'gaslat' is exceeding maximum contraction velocity at time 3.44 s.
[2023-03-10 16:32:36.576] [info] DeGrooteFregly2016Muscle 'gaslat' is exceeding maximum contraction velocity at time 3.44833 s.
[2023-03-10 16:32:37.598] [info] DeGrooteFregly2016Muscle 'gaslat' is exceeding maximum contraction velocity at time 3.44833 s.
[2023-03-10 16:32:37.623] [info] DeGrooteFregly2016Muscle 'gaslat' is exceeding maximum contraction velocity at time 3.45667 s.
[2023-03-10 16:32:38.621] [info] DeGrooteFregly2016Muscle 'gaslat' is exceeding maximum contraction velocity at time 3.45667 s.
[2023-03-10 16:32:38.650] [info] DeGrooteFregly2016Muscle 'gaslat' is exceeding maximum contraction velocity at time 3.465 s.
[2023-03-10 16:32:39.697] [info] DeGrooteFregly2016Muscle 'gaslat' is exceeding maximum contraction velocity at time 3.465 s.
[2023-03-10 16:32:39.725] [info] DeGrooteFregly2016Muscle 'gaslat' is exceeding maximum contraction velocity at time 3.47333 s.
[2023-03-10 16:32:40.746] [info] DeGrooteFregly2016Muscle 'gaslat' is exceeding maximum contraction velocity at time 3.47333 s.
[2023-03-10 16:32:40.774] [info] DeGrooteFregly2016Muscle 'gaslat' is exceeding maximum contraction velocity at time 3.48167 s.
[2023-03-10 16:32:41.804] [info] DeGrooteFregly2016Muscle 'gaslat' is exceeding maximum contraction velocity at time 3.48167 s.
[2023-03-10 16:32:41.837] [info] DeGrooteFregly2016Muscle 'gaslat' is exceeding maximum contraction velocity at time 3.49 s.
[2023-03-10 16:32:42.835] [info] DeGrooteFregly2016Muscle 'gaslat' is exceeding maximum contraction velocity at time 3.49 s.
[2023-03-10 16:32:42.873] [info] DeGrooteFregly2016Muscle 'gaslat' is exceeding maximum contraction velocity at time 3.49833 s.
[2023-03-10 16:32:43.855] [info] DeGrooteFregly2016Muscle 'gaslat' is exceeding maximum contraction velocity at time 3.49833 s.
[2023-03-10 16:32:59.412] [info] DeGrooteFregly2016Muscle 'gaslat' is exceeding maximum contraction velocity at time 3.63167 s.
[2023-03-10 16:33:00.380] [info] DeGrooteFregly2016Muscle 'gaslat' is exceeding maximum contraction velocity at time 3.63167 s.
[2023-03-10 16:33:00.414] [info] DeGrooteFregly2016Muscle 'gaslat' is exceeding maximum contraction velocity at time 3.64 s.
[2023-03-10 16:33:01.439] [info] DeGrooteFregly2016Muscle 'gaslat' is exceeding maximum contraction velocity at time 3.64 s.
[2023-03-10 16:33:01.473] [info] DeGrooteFregly2016Muscle 'gaslat' is exceeding maximum contraction velocity at time 3.64833 s.
[2023-03-10 16:33:02.503] [info] DeGrooteFregly2016Muscle 'gaslat' is exceeding maximum contraction velocity at time 3.64833 s.
[2023-03-10 16:33:02.532] [info] DeGrooteFregly2016Muscle 'gaslat' is exceeding maximum contraction velocity at time 3.65667 s.
[2023-03-10 16:33:03.533] [info] DeGrooteFregly2016Muscle 'gaslat' is exceeding maximum contraction velocity at time 3.65667 s.
[2023-03-10 16:33:03.557] [info] DeGrooteFregly2016Muscle 'gaslat' is exceeding maximum contraction velocity at time 3.665 s.
[2023-03-10 16:33:04.519] [info] Printing results of investigation JWAllBody-scaled to C:\Gil\MeshesInAD\gaitWithKneeProsthesis\ScaledModel\SubjectSpecific\testmomentarms_ngait_og1
[2023-03-10 16:33:08.506] [info] DeGrooteFregly2016Muscle 'gaslat' is exceeding maximum contraction velocity at time 0.948333 s.
[2023-03-10 16:33:08.527] [info] DeGrooteFregly2016Muscle 'gaslat' is exceeding maximum contraction velocity at time 0.948333 s.
[2023-03-10 16:33:08.590] [info] DeGrooteFregly2016Muscle 'gaslat' is exceeding maximum contraction velocity at time 0.948333 s.
[2023-03-10 18:20:30.190] [info] DeGrooteFregly2016Muscle 'gaslat' is exceeding maximum contraction velocity at time 0.0 s.
[2023-03-10 18:20:30.685] [info] DeGrooteFregly2016Muscle 'gaslat' is exceeding maximum contraction velocity at time 0.0 s.
[2023-03-10 18:20:31.301] [info] DeGrooteFregly2016Muscle 'gaslat' is exceeding maximum contraction velocity at time 0.0 s.
[2023-03-10 18:20:32.087] [info] DeGrooteFregly2016Muscle 'gaslat' is exceeding maximum contraction velocity at time 0.0 s.
[2023-03-10 18:20:42.798] [info] DeGrooteFregly2016Muscle 'gaslat' is exceeding maximum contraction velocity at time 0.0 s.
[2023-03-10 18:20:52.135] [info] Storage: read data file = C:\Gil\MeshesInAD\gaitWithKneeProsthesis\ScaledModel\SubjectSpecific\jw_ngait_og1.mot (nr=327 nc=60)
[2023-03-10 18:21:05.804] [info] Loading coordinates from file 'C:\Gil\MeshesInAD\gaitWithKneeProsthesis\ScaledModel\SubjectSpecific\jw_ngait_og1.mot'.
[2023-03-10 18:21:05.805] [info] Storage: read data file = C:\Gil\MeshesInAD\gaitWithKneeProsthesis\ScaledModel\SubjectSpecific\jw_ngait_og1.mot (nr=327 nc=60)
[2023-03-10 18:21:05.995] [warning] Coordinate.setValue:  coordinate patfem_adduction is locked. Unable to change its value.
[2023-03-10 18:21:05.995] [warning] Coordinate.setValue:  coordinate patfem_rotation is locked. Unable to change its value.
[2023-03-10 18:21:05.995] [warning] Coordinate.setValue:  coordinate patfem_tx is locked. Unable to change its value.
[2023-03-10 18:21:05.995] [warning] Coordinate.setValue:  coordinate patfem_ty is locked. Unable to change its value.
[2023-03-10 18:21:05.995] [warning] Coordinate.setValue:  coordinate patfem_tz is locked. Unable to change its value.
[2023-03-10 18:21:05.995] [warning] Coordinate.setValue:  coordinate mtp_angle is locked. Unable to change its value.
[2023-03-10 18:21:05.995] [warning] Coordinate.setValue:  coordinate knee_adduction_l is locked. Unable to change its value.
[2023-03-10 18:21:05.995] [warning] Coordinate.setValue:  coordinate knee_rotation_l is locked. Unable to change its value.
[2023-03-10 18:21:05.995] [warning] Coordinate.setValue:  coordinate knee_tx_l is locked. Unable to change its value.
[2023-03-10 18:21:05.995] [warning] Coordinate.setValue:  coordinate knee_ty_l is locked. Unable to change its value.
[2023-03-10 18:21:05.995] [warning] Coordinate.setValue:  coordinate knee_tz_l is locked. Unable to change its value.
[2023-03-10 18:21:05.995] [warning] Coordinate.setValue:  coordinate patfem_adduction_l is locked. Unable to change its value.
[2023-03-10 18:21:05.995] [warning] Coordinate.setValue:  coordinate patfem_rotation_l is locked. Unable to change its value.
[2023-03-10 18:21:05.995] [warning] Coordinate.setValue:  coordinate patfem_tx_l is locked. Unable to change its value.
[2023-03-10 18:21:05.995] [warning] Coordinate.setValue:  coordinate patfem_ty_l is locked. Unable to change its value.
[2023-03-10 18:21:05.995] [warning] Coordinate.setValue:  coordinate patfem_tz_l is locked. Unable to change its value.
[2023-03-10 18:21:05.995] [warning] Coordinate.setValue:  coordinate mtp_angle_l is locked. Unable to change its value.
[2023-03-10 18:21:05.995] [warning] Coordinate.setValue:  coordinate pro_sup_r is locked. Unable to change its value.
[2023-03-10 18:21:05.995] [warning] Coordinate.setValue:  coordinate pro_sup_l is locked. Unable to change its value.
[2023-03-10 18:21:09.306] [info] Found 327 state vectors with time stamps ranging from 0.948333 to 3.665.
[2023-03-10 18:21:09.367] [info] No external loads will be applied (external loads file not specified).
[2023-03-10 18:21:09.440] [info] Executing the analyses from 0.948333 to 3.665...
[2023-03-10 18:21:09.484] [warning] MuscleAnalysis: coordinate patfem_adduction is locked and can't be varied.
[2023-03-10 18:21:09.484] [warning] MuscleAnalysis: coordinate patfem_rotation is locked and can't be varied.
[2023-03-10 18:21:09.484] [warning] MuscleAnalysis: coordinate patfem_tx is locked and can't be varied.
[2023-03-10 18:21:09.484] [warning] MuscleAnalysis: coordinate patfem_ty is locked and can't be varied.
[2023-03-10 18:21:09.484] [warning] MuscleAnalysis: coordinate patfem_tz is locked and can't be varied.
[2023-03-10 18:21:09.484] [warning] MuscleAnalysis: coordinate mtp_angle is locked and can't be varied.
[2023-03-10 18:21:09.484] [warning] MuscleAnalysis: coordinate knee_adduction_l is locked and can't be varied.
[2023-03-10 18:21:09.484] [warning] MuscleAnalysis: coordinate knee_rotation_l is locked and can't be varied.
[2023-03-10 18:21:09.484] [warning] MuscleAnalysis: coordinate knee_tx_l is locked and can't be varied.
[2023-03-10 18:21:09.484] [warning] MuscleAnalysis: coordinate knee_ty_l is locked and can't be varied.
[2023-03-10 18:21:09.484] [warning] MuscleAnalysis: coordinate knee_tz_l is locked and can't be varied.
[2023-03-10 18:21:09.484] [warning] MuscleAnalysis: coordinate patfem_adduction_l is locked and can't be varied.
[2023-03-10 18:21:09.484] [warning] MuscleAnalysis: coordinate patfem_rotation_l is locked and can't be varied.
[2023-03-10 18:21:09.484] [warning] MuscleAnalysis: coordinate patfem_tx_l is locked and can't be varied.
[2023-03-10 18:21:09.484] [warning] MuscleAnalysis: coordinate patfem_ty_l is locked and can't be varied.
[2023-03-10 18:21:09.484] [warning] MuscleAnalysis: coordinate patfem_tz_l is locked and can't be varied.
[2023-03-10 18:21:09.484] [warning] MuscleAnalysis: coordinate mtp_angle_l is locked and can't be varied.
[2023-03-10 18:21:09.484] [warning] MuscleAnalysis: coordinate pro_sup_r is locked and can't be varied.
[2023-03-10 18:21:09.484] [warning] MuscleAnalysis: coordinate wrist_flex_r is locked and can't be varied.
[2023-03-10 18:21:09.484] [warning] MuscleAnalysis: coordinate wrist_dev_r is locked and can't be varied.
[2023-03-10 18:21:09.484] [warning] MuscleAnalysis: coordinate pro_sup_l is locked and can't be varied.
[2023-03-10 18:21:09.484] [warning] MuscleAnalysis: coordinate wrist_flex_l is locked and can't be varied.
[2023-03-10 18:21:09.484] [warning] MuscleAnalysis: coordinate wrist_dev_l is locked and can't be varied.
[2023-03-10 18:21:09.486] [info] DeGrooteFregly2016Muscle 'gaslat' is exceeding maximum contraction velocity at time 0.948333 s.
[2023-03-10 18:21:11.016] [info] DeGrooteFregly2016Muscle 'gaslat' is exceeding maximum contraction velocity at time 0.956666 s.
[2023-03-10 18:21:11.985] [info] DeGrooteFregly2016Muscle 'gaslat' is exceeding maximum contraction velocity at time 0.956666 s.
[2023-03-10 18:21:12.012] [info] DeGrooteFregly2016Muscle 'gaslat' is exceeding maximum contraction velocity at time 0.965 s.
[2023-03-10 18:21:12.997] [info] DeGrooteFregly2016Muscle 'gaslat' is exceeding maximum contraction velocity at time 0.965 s.
[2023-03-10 18:21:13.026] [info] DeGrooteFregly2016Muscle 'gaslat' is exceeding maximum contraction velocity at time 0.973333 s.
[2023-03-10 18:21:14.002] [info] DeGrooteFregly2016Muscle 'gaslat' is exceeding maximum contraction velocity at time 0.973333 s.
[2023-03-10 18:21:14.030] [info] DeGrooteFregly2016Muscle 'gaslat' is exceeding maximum contraction velocity at time 0.981666 s.
[2023-03-10 18:21:14.989] [info] DeGrooteFregly2016Muscle 'gaslat' is exceeding maximum contraction velocity at time 0.981666 s.
[2023-03-10 18:21:15.015] [info] DeGrooteFregly2016Muscle 'gaslat' is exceeding maximum contraction velocity at time 0.99 s.
[2023-03-10 18:21:15.986] [info] DeGrooteFregly2016Muscle 'gaslat' is exceeding maximum contraction velocity at time 0.99 s.
[2023-03-10 18:21:16.018] [info] DeGrooteFregly2016Muscle 'gaslat' is exceeding maximum contraction velocity at time 0.998333 s.
[2023-03-10 18:21:16.997] [info] DeGrooteFregly2016Muscle 'gaslat' is exceeding maximum contraction velocity at time 0.998333 s.
[2023-03-10 18:21:17.022] [info] DeGrooteFregly2016Muscle 'gaslat' is exceeding maximum contraction velocity at time 1.00667 s.
[2023-03-10 18:21:17.977] [info] DeGrooteFregly2016Muscle 'gaslat' is exceeding maximum contraction velocity at time 1.00667 s.
[2023-03-10 18:21:18.002] [info] DeGrooteFregly2016Muscle 'gaslat' is exceeding maximum contraction velocity at time 1.015 s.
[2023-03-10 18:21:18.896] [info] DeGrooteFregly2016Muscle 'gaslat' is exceeding maximum contraction velocity at time 1.015 s.
[2023-03-10 18:21:18.922] [info] DeGrooteFregly2016Muscle 'gaslat' is exceeding maximum contraction velocity at time 1.02333 s.
[2023-03-10 18:21:19.770] [info] DeGrooteFregly2016Muscle 'gaslat' is exceeding maximum contraction velocity at time 1.02333 s.
[2023-03-10 18:21:19.797] [info] DeGrooteFregly2016Muscle 'gaslat' is exceeding maximum contraction velocity at time 1.03167 s.
[2023-03-10 18:21:20.748] [info] DeGrooteFregly2016Muscle 'gaslat' is exceeding maximum contraction velocity at time 1.03167 s.
[2023-03-10 18:21:20.774] [info] DeGrooteFregly2016Muscle 'gaslat' is exceeding maximum contraction velocity at time 1.04 s.
[2023-03-10 18:21:21.765] [info] DeGrooteFregly2016Muscle 'gaslat' is exceeding maximum contraction velocity at time 1.04 s.
[2023-03-10 18:21:21.789] [info] DeGrooteFregly2016Muscle 'gaslat' is exceeding maximum contraction velocity at time 1.04833 s.
[2023-03-10 18:21:22.713] [info] DeGrooteFregly2016Muscle 'gaslat' is exceeding maximum contraction velocity at time 1.04833 s.
[2023-03-10 18:21:22.743] [info] DeGrooteFregly2016Muscle 'gaslat' is exceeding maximum contraction velocity at time 1.05667 s.
[2023-03-10 18:21:23.749] [info] DeGrooteFregly2016Muscle 'gaslat' is exceeding maximum contraction velocity at time 1.05667 s.
[2023-03-10 18:21:23.786] [info] DeGrooteFregly2016Muscle 'gaslat' is exceeding maximum contraction velocity at time 1.065 s.
[2023-03-10 18:21:24.769] [info] DeGrooteFregly2016Muscle 'gaslat' is exceeding maximum contraction velocity at time 1.065 s.
[2023-03-10 18:21:24.799] [info] DeGrooteFregly2016Muscle 'gaslat' is exceeding maximum contraction velocity at time 1.07333 s.
[2023-03-10 18:21:25.631] [info] DeGrooteFregly2016Muscle 'gaslat' is exceeding maximum contraction velocity at time 1.07333 s.
[2023-03-10 18:21:25.657] [info] DeGrooteFregly2016Muscle 'gaslat' is exceeding maximum contraction velocity at time 1.08167 s.
[2023-03-10 18:21:26.523] [info] DeGrooteFregly2016Muscle 'gaslat' is exceeding maximum contraction velocity at time 1.08167 s.
[2023-03-10 18:21:26.581] [info] DeGrooteFregly2016Muscle 'gaslat' is exceeding maximum contraction velocity at time 1.09 s.
[2023-03-10 18:21:27.477] [info] DeGrooteFregly2016Muscle 'gaslat' is exceeding maximum contraction velocity at time 1.09 s.
[2023-03-10 18:21:27.504] [info] DeGrooteFregly2016Muscle 'gaslat' is exceeding maximum contraction velocity at time 1.09833 s.
[2023-03-10 18:21:28.365] [info] DeGrooteFregly2016Muscle 'gaslat' is exceeding maximum contraction velocity at time 1.09833 s.
[2023-03-10 18:21:28.396] [info] DeGrooteFregly2016Muscle 'gaslat' is exceeding maximum contraction velocity at time 1.10667 s.
[2023-03-10 18:21:29.238] [info] DeGrooteFregly2016Muscle 'gaslat' is exceeding maximum contraction velocity at time 1.10667 s.
[2023-03-10 18:21:29.266] [info] DeGrooteFregly2016Muscle 'gaslat' is exceeding maximum contraction velocity at time 1.115 s.
[2023-03-10 18:21:30.215] [info] DeGrooteFregly2016Muscle 'gaslat' is exceeding maximum contraction velocity at time 1.115 s.
[2023-03-10 18:21:30.256] [info] DeGrooteFregly2016Muscle 'gaslat' is exceeding maximum contraction velocity at time 1.12333 s.
[2023-03-10 18:21:31.344] [info] DeGrooteFregly2016Muscle 'gaslat' is exceeding maximum contraction velocity at time 1.12333 s.
[2023-03-10 18:21:31.382] [info] DeGrooteFregly2016Muscle 'gaslat' is exceeding maximum contraction velocity at time 1.13167 s.
[2023-03-10 18:21:32.374] [info] DeGrooteFregly2016Muscle 'gaslat' is exceeding maximum contraction velocity at time 1.13167 s.
[2023-03-10 18:21:32.414] [info] DeGrooteFregly2016Muscle 'gaslat' is exceeding maximum contraction velocity at time 1.14 s.
[2023-03-10 18:21:33.294] [info] DeGrooteFregly2016Muscle 'gaslat' is exceeding maximum contraction velocity at time 1.14 s.
[2023-03-10 18:21:33.320] [info] DeGrooteFregly2016Muscle 'gaslat' is exceeding maximum contraction velocity at time 1.14833 s.
[2023-03-10 18:21:34.162] [info] DeGrooteFregly2016Muscle 'gaslat' is exceeding maximum contraction velocity at time 1.14833 s.
[2023-03-10 18:21:34.186] [info] DeGrooteFregly2016Muscle 'gaslat' is exceeding maximum contraction velocity at time 1.15667 s.
[2023-03-10 18:21:34.998] [info] DeGrooteFregly2016Muscle 'gaslat' is exceeding maximum contraction velocity at time 1.15667 s.
[2023-03-10 18:21:35.022] [info] DeGrooteFregly2016Muscle 'gaslat' is exceeding maximum contraction velocity at time 1.165 s.
[2023-03-10 18:21:35.843] [info] DeGrooteFregly2016Muscle 'gaslat' is exceeding maximum contraction velocity at time 1.165 s.
[2023-03-10 18:21:35.866] [info] DeGrooteFregly2016Muscle 'gaslat' is exceeding maximum contraction velocity at time 1.17333 s.
[2023-03-10 18:21:36.703] [info] DeGrooteFregly2016Muscle 'gaslat' is exceeding maximum contraction velocity at time 1.17333 s.
[2023-03-10 18:21:36.728] [info] DeGrooteFregly2016Muscle 'gaslat' is exceeding maximum contraction velocity at time 1.18167 s.
[2023-03-10 18:21:37.588] [info] DeGrooteFregly2016Muscle 'gaslat' is exceeding maximum contraction velocity at time 1.18167 s.
[2023-03-10 18:21:37.612] [info] DeGrooteFregly2016Muscle 'gaslat' is exceeding maximum contraction velocity at time 1.19 s.
[2023-03-10 18:21:38.490] [info] DeGrooteFregly2016Muscle 'gaslat' is exceeding maximum contraction velocity at time 1.19 s.
[2023-03-10 18:21:38.567] [info] DeGrooteFregly2016Muscle 'gaslat' is exceeding maximum contraction velocity at time 1.19833 s.
[2023-03-10 18:21:39.426] [info] DeGrooteFregly2016Muscle 'gaslat' is exceeding maximum contraction velocity at time 1.19833 s.
[2023-03-10 18:21:39.455] [info] DeGrooteFregly2016Muscle 'gaslat' is exceeding maximum contraction velocity at time 1.20667 s.
[2023-03-10 18:21:40.381] [info] DeGrooteFregly2016Muscle 'gaslat' is exceeding maximum contraction velocity at time 1.20667 s.
[2023-03-10 18:21:40.407] [info] DeGrooteFregly2016Muscle 'gaslat' is exceeding maximum contraction velocity at time 1.215 s.
[2023-03-10 18:21:41.231] [info] DeGrooteFregly2016Muscle 'gaslat' is exceeding maximum contraction velocity at time 1.215 s.
[2023-03-10 18:21:41.254] [info] DeGrooteFregly2016Muscle 'gaslat' is exceeding maximum contraction velocity at time 1.22333 s.
[2023-03-10 18:21:42.063] [info] DeGrooteFregly2016Muscle 'gaslat' is exceeding maximum contraction velocity at time 1.22333 s.
[2023-03-10 18:21:42.089] [info] DeGrooteFregly2016Muscle 'gaslat' is exceeding maximum contraction velocity at time 1.23167 s.
[2023-03-10 18:21:42.918] [info] DeGrooteFregly2016Muscle 'gaslat' is exceeding maximum contraction velocity at time 1.23167 s.
[2023-03-10 18:21:42.944] [info] DeGrooteFregly2016Muscle 'gaslat' is exceeding maximum contraction velocity at time 1.24 s.
[2023-03-10 18:21:43.790] [info] DeGrooteFregly2016Muscle 'gaslat' is exceeding maximum contraction velocity at time 1.24 s.
[2023-03-10 18:21:43.816] [info] DeGrooteFregly2016Muscle 'gaslat' is exceeding maximum contraction velocity at time 1.24833 s.
[2023-03-10 18:21:44.686] [info] DeGrooteFregly2016Muscle 'gaslat' is exceeding maximum contraction velocity at time 1.24833 s.
[2023-03-10 18:21:48.514] [info] DeGrooteFregly2016Muscle 'gaslat' is exceeding maximum contraction velocity at time 1.29 s.
[2023-03-10 18:21:49.447] [info] DeGrooteFregly2016Muscle 'gaslat' is exceeding maximum contraction velocity at time 1.29 s.
[2023-03-10 18:21:49.479] [info] DeGrooteFregly2016Muscle 'gaslat' is exceeding maximum contraction velocity at time 1.29833 s.
[2023-03-10 18:21:50.441] [info] DeGrooteFregly2016Muscle 'gaslat' is exceeding maximum contraction velocity at time 1.29833 s.
[2023-03-10 18:21:50.504] [info] DeGrooteFregly2016Muscle 'gaslat' is exceeding maximum contraction velocity at time 1.30667 s.
[2023-03-10 18:21:51.472] [info] DeGrooteFregly2016Muscle 'gaslat' is exceeding maximum contraction velocity at time 1.30667 s.
[2023-03-10 18:21:51.496] [info] DeGrooteFregly2016Muscle 'gaslat' is exceeding maximum contraction velocity at time 1.315 s.
[2023-03-10 18:21:52.455] [info] DeGrooteFregly2016Muscle 'gaslat' is exceeding maximum contraction velocity at time 1.315 s.
[2023-03-10 18:21:52.480] [info] DeGrooteFregly2016Muscle 'gaslat' is exceeding maximum contraction velocity at time 1.32333 s.
[2023-03-10 18:21:53.469] [info] DeGrooteFregly2016Muscle 'gaslat' is exceeding maximum contraction velocity at time 1.32333 s.
[2023-03-10 18:21:53.494] [info] DeGrooteFregly2016Muscle 'gaslat' is exceeding maximum contraction velocity at time 1.33167 s.
[2023-03-10 18:21:54.455] [info] DeGrooteFregly2016Muscle 'gaslat' is exceeding maximum contraction velocity at time 1.33167 s.
[2023-03-10 18:21:54.482] [info] DeGrooteFregly2016Muscle 'gaslat' is exceeding maximum contraction velocity at time 1.34 s.
[2023-03-10 18:21:55.482] [info] DeGrooteFregly2016Muscle 'gaslat' is exceeding maximum contraction velocity at time 1.34 s.
[2023-03-10 18:21:55.505] [info] DeGrooteFregly2016Muscle 'gaslat' is exceeding maximum contraction velocity at time 1.34833 s.
[2023-03-10 18:21:56.395] [info] DeGrooteFregly2016Muscle 'gaslat' is exceeding maximum contraction velocity at time 1.34833 s.
[2023-03-10 18:21:56.417] [info] DeGrooteFregly2016Muscle 'gaslat' is exceeding maximum contraction velocity at time 1.35667 s.
[2023-03-10 18:21:57.298] [info] DeGrooteFregly2016Muscle 'gaslat' is exceeding maximum contraction velocity at time 1.35667 s.
[2023-03-10 18:21:57.324] [info] DeGrooteFregly2016Muscle 'gaslat' is exceeding maximum contraction velocity at time 1.365 s.
[2023-03-10 18:21:58.168] [info] DeGrooteFregly2016Muscle 'gaslat' is exceeding maximum contraction velocity at time 1.365 s.
[2023-03-10 18:21:58.193] [info] DeGrooteFregly2016Muscle 'gaslat' is exceeding maximum contraction velocity at time 1.37333 s.
[2023-03-10 18:21:59.102] [info] DeGrooteFregly2016Muscle 'gaslat' is exceeding maximum contraction velocity at time 1.37333 s.
[2023-03-10 18:21:59.130] [info] DeGrooteFregly2016Muscle 'gaslat' is exceeding maximum contraction velocity at time 1.38167 s.
[2023-03-10 18:22:00.023] [info] DeGrooteFregly2016Muscle 'gaslat' is exceeding maximum contraction velocity at time 1.38167 s.
[2023-03-10 18:22:00.054] [info] DeGrooteFregly2016Muscle 'gaslat' is exceeding maximum contraction velocity at time 1.39 s.
[2023-03-10 18:22:00.956] [info] DeGrooteFregly2016Muscle 'gaslat' is exceeding maximum contraction velocity at time 1.39 s.
[2023-03-10 18:22:00.989] [info] DeGrooteFregly2016Muscle 'gaslat' is exceeding maximum contraction velocity at time 1.39833 s.
[2023-03-10 18:22:01.954] [info] DeGrooteFregly2016Muscle 'gaslat' is exceeding maximum contraction velocity at time 1.39833 s.
[2023-03-10 18:22:01.982] [info] DeGrooteFregly2016Muscle 'gaslat' is exceeding maximum contraction velocity at time 1.40667 s.
[2023-03-10 18:22:03.113] [info] DeGrooteFregly2016Muscle 'gaslat' is exceeding maximum contraction velocity at time 1.40667 s.
[2023-03-10 18:22:03.150] [info] DeGrooteFregly2016Muscle 'gaslat' is exceeding maximum contraction velocity at time 1.415 s.
[2023-03-10 18:22:04.204] [info] DeGrooteFregly2016Muscle 'gaslat' is exceeding maximum contraction velocity at time 1.415 s.
[2023-03-10 18:22:04.233] [info] DeGrooteFregly2016Muscle 'gaslat' is exceeding maximum contraction velocity at time 1.42333 s.
[2023-03-10 18:22:05.209] [info] DeGrooteFregly2016Muscle 'gaslat' is exceeding maximum contraction velocity at time 1.42333 s.
[2023-03-10 18:22:05.234] [info] DeGrooteFregly2016Muscle 'gaslat' is exceeding maximum contraction velocity at time 1.43167 s.
[2023-03-10 18:22:06.280] [info] DeGrooteFregly2016Muscle 'gaslat' is exceeding maximum contraction velocity at time 1.43167 s.
[2023-03-10 18:22:06.321] [info] DeGrooteFregly2016Muscle 'gaslat' is exceeding maximum contraction velocity at time 1.44 s.
[2023-03-10 18:22:07.439] [info] DeGrooteFregly2016Muscle 'gaslat' is exceeding maximum contraction velocity at time 1.44 s.
[2023-03-10 18:22:07.471] [info] DeGrooteFregly2016Muscle 'gaslat' is exceeding maximum contraction velocity at time 1.44833 s.
[2023-03-10 18:22:08.566] [info] DeGrooteFregly2016Muscle 'gaslat' is exceeding maximum contraction velocity at time 1.44833 s.
[2023-03-10 18:22:08.611] [info] DeGrooteFregly2016Muscle 'gaslat' is exceeding maximum contraction velocity at time 1.45667 s.
[2023-03-10 18:22:09.833] [info] DeGrooteFregly2016Muscle 'gaslat' is exceeding maximum contraction velocity at time 1.45667 s.
[2023-03-10 18:22:09.871] [info] DeGrooteFregly2016Muscle 'gaslat' is exceeding maximum contraction velocity at time 1.465 s.
[2023-03-10 18:22:11.046] [info] DeGrooteFregly2016Muscle 'gaslat' is exceeding maximum contraction velocity at time 1.465 s.
[2023-03-10 18:22:11.078] [info] DeGrooteFregly2016Muscle 'gaslat' is exceeding maximum contraction velocity at time 1.47333 s.
[2023-03-10 18:22:12.130] [info] DeGrooteFregly2016Muscle 'gaslat' is exceeding maximum contraction velocity at time 1.47333 s.
[2023-03-10 18:22:12.164] [info] DeGrooteFregly2016Muscle 'gaslat' is exceeding maximum contraction velocity at time 1.48167 s.
[2023-03-10 18:22:13.297] [info] DeGrooteFregly2016Muscle 'gaslat' is exceeding maximum contraction velocity at time 1.48167 s.
[2023-03-10 18:22:13.329] [info] DeGrooteFregly2016Muscle 'gaslat' is exceeding maximum contraction velocity at time 1.49 s.
[2023-03-10 18:22:14.421] [info] DeGrooteFregly2016Muscle 'gaslat' is exceeding maximum contraction velocity at time 1.49 s.
[2023-03-10 18:22:14.452] [info] DeGrooteFregly2016Muscle 'gaslat' is exceeding maximum contraction velocity at time 1.49833 s.
[2023-03-10 18:22:15.520] [info] DeGrooteFregly2016Muscle 'gaslat' is exceeding maximum contraction velocity at time 1.49833 s.
[2023-03-10 18:22:15.547] [info] DeGrooteFregly2016Muscle 'gaslat' is exceeding maximum contraction velocity at time 1.50667 s.
[2023-03-10 18:22:16.583] [info] DeGrooteFregly2016Muscle 'gaslat' is exceeding maximum contraction velocity at time 1.50667 s.
[2023-03-10 18:22:16.611] [info] DeGrooteFregly2016Muscle 'gaslat' is exceeding maximum contraction velocity at time 1.515 s.
[2023-03-10 18:22:17.614] [info] DeGrooteFregly2016Muscle 'gaslat' is exceeding maximum contraction velocity at time 1.515 s.
[2023-03-10 18:22:17.641] [info] DeGrooteFregly2016Muscle 'gaslat' is exceeding maximum contraction velocity at time 1.52333 s.
[2023-03-10 18:22:18.685] [info] DeGrooteFregly2016Muscle 'gaslat' is exceeding maximum contraction velocity at time 1.52333 s.
[2023-03-10 18:22:18.712] [info] DeGrooteFregly2016Muscle 'gaslat' is exceeding maximum contraction velocity at time 1.53167 s.
[2023-03-10 18:22:19.757] [info] DeGrooteFregly2016Muscle 'gaslat' is exceeding maximum contraction velocity at time 1.53167 s.
[2023-03-10 18:22:19.834] [info] DeGrooteFregly2016Muscle 'gaslat' is exceeding maximum contraction velocity at time 1.54 s.
[2023-03-10 18:22:20.920] [info] DeGrooteFregly2016Muscle 'gaslat' is exceeding maximum contraction velocity at time 1.54 s.
[2023-03-10 18:22:20.945] [info] DeGrooteFregly2016Muscle 'gaslat' is exceeding maximum contraction velocity at time 1.54833 s.
[2023-03-10 18:22:21.981] [info] DeGrooteFregly2016Muscle 'gaslat' is exceeding maximum contraction velocity at time 1.54833 s.
[2023-03-10 18:22:22.008] [info] DeGrooteFregly2016Muscle 'gaslat' is exceeding maximum contraction velocity at time 1.55667 s.
[2023-03-10 18:22:23.052] [info] DeGrooteFregly2016Muscle 'gaslat' is exceeding maximum contraction velocity at time 1.55667 s.
[2023-03-10 18:22:23.083] [info] DeGrooteFregly2016Muscle 'gaslat' is exceeding maximum contraction velocity at time 1.565 s.
[2023-03-10 18:22:24.127] [info] DeGrooteFregly2016Muscle 'gaslat' is exceeding maximum contraction velocity at time 1.565 s.
[2023-03-10 18:22:24.158] [info] DeGrooteFregly2016Muscle 'gaslat' is exceeding maximum contraction velocity at time 1.57333 s.
[2023-03-10 18:22:25.194] [info] DeGrooteFregly2016Muscle 'gaslat' is exceeding maximum contraction velocity at time 1.57333 s.
[2023-03-10 18:22:25.224] [info] DeGrooteFregly2016Muscle 'gaslat' is exceeding maximum contraction velocity at time 1.58167 s.
[2023-03-10 18:22:26.252] [info] DeGrooteFregly2016Muscle 'gaslat' is exceeding maximum contraction velocity at time 1.58167 s.
[2023-03-10 18:22:26.279] [info] DeGrooteFregly2016Muscle 'gaslat' is exceeding maximum contraction velocity at time 1.59 s.
[2023-03-10 18:22:27.326] [info] DeGrooteFregly2016Muscle 'gaslat' is exceeding maximum contraction velocity at time 1.59 s.
[2023-03-10 18:22:27.361] [info] DeGrooteFregly2016Muscle 'gaslat' is exceeding maximum contraction velocity at time 1.59833 s.
[2023-03-10 18:22:28.458] [info] DeGrooteFregly2016Muscle 'gaslat' is exceeding maximum contraction velocity at time 1.59833 s.
[2023-03-10 18:22:28.488] [info] DeGrooteFregly2016Muscle 'gaslat' is exceeding maximum contraction velocity at time 1.60667 s.
[2023-03-10 18:22:29.559] [info] DeGrooteFregly2016Muscle 'gaslat' is exceeding maximum contraction velocity at time 1.60667 s.
[2023-03-10 18:22:29.588] [info] DeGrooteFregly2016Muscle 'gaslat' is exceeding maximum contraction velocity at time 1.615 s.
[2023-03-10 18:22:30.667] [info] DeGrooteFregly2016Muscle 'gaslat' is exceeding maximum contraction velocity at time 1.615 s.
[2023-03-10 18:22:30.697] [info] DeGrooteFregly2016Muscle 'gaslat' is exceeding maximum contraction velocity at time 1.62333 s.
[2023-03-10 18:22:31.774] [info] DeGrooteFregly2016Muscle 'gaslat' is exceeding maximum contraction velocity at time 1.62333 s.
[2023-03-10 18:22:31.801] [info] DeGrooteFregly2016Muscle 'gaslat' is exceeding maximum contraction velocity at time 1.63167 s.
[2023-03-10 18:22:32.826] [info] DeGrooteFregly2016Muscle 'gaslat' is exceeding maximum contraction velocity at time 1.63167 s.
[2023-03-10 18:22:32.859] [info] DeGrooteFregly2016Muscle 'gaslat' is exceeding maximum contraction velocity at time 1.64 s.
[2023-03-10 18:22:33.909] [info] DeGrooteFregly2016Muscle 'gaslat' is exceeding maximum contraction velocity at time 1.64 s.
[2023-03-10 18:22:33.943] [info] DeGrooteFregly2016Muscle 'gaslat' is exceeding maximum contraction velocity at time 1.64833 s.
[2023-03-10 18:22:34.978] [info] DeGrooteFregly2016Muscle 'gaslat' is exceeding maximum contraction velocity at time 1.64833 s.
[2023-03-10 18:22:35.058] [info] DeGrooteFregly2016Muscle 'gaslat' is exceeding maximum contraction velocity at time 1.65667 s.
[2023-03-10 18:22:36.087] [info] DeGrooteFregly2016Muscle 'gaslat' is exceeding maximum contraction velocity at time 1.65667 s.
[2023-03-10 18:22:36.115] [info] DeGrooteFregly2016Muscle 'gaslat' is exceeding maximum contraction velocity at time 1.665 s.
[2023-03-10 18:22:37.189] [info] DeGrooteFregly2016Muscle 'gaslat' is exceeding maximum contraction velocity at time 1.665 s.
[2023-03-10 18:22:37.217] [info] DeGrooteFregly2016Muscle 'gaslat' is exceeding maximum contraction velocity at time 1.67333 s.
[2023-03-10 18:22:38.281] [info] DeGrooteFregly2016Muscle 'gaslat' is exceeding maximum contraction velocity at time 1.67333 s.
[2023-03-10 18:22:38.310] [info] DeGrooteFregly2016Muscle 'gaslat' is exceeding maximum contraction velocity at time 1.68167 s.
[2023-03-10 18:22:39.367] [info] DeGrooteFregly2016Muscle 'gaslat' is exceeding maximum contraction velocity at time 1.68167 s.
[2023-03-10 18:22:39.402] [info] DeGrooteFregly2016Muscle 'gaslat' is exceeding maximum contraction velocity at time 1.69 s.
[2023-03-10 18:22:40.430] [info] DeGrooteFregly2016Muscle 'gaslat' is exceeding maximum contraction velocity at time 1.69 s.
[2023-03-10 18:22:40.466] [info] DeGrooteFregly2016Muscle 'gaslat' is exceeding maximum contraction velocity at time 1.69833 s.
[2023-03-10 18:22:41.509] [info] DeGrooteFregly2016Muscle 'gaslat' is exceeding maximum contraction velocity at time 1.69833 s.
[2023-03-10 18:22:41.548] [info] DeGrooteFregly2016Muscle 'gaslat' is exceeding maximum contraction velocity at time 1.70667 s.
[2023-03-10 18:22:42.596] [info] DeGrooteFregly2016Muscle 'gaslat' is exceeding maximum contraction velocity at time 1.70667 s.
[2023-03-10 18:22:42.626] [info] DeGrooteFregly2016Muscle 'gaslat' is exceeding maximum contraction velocity at time 1.715 s.
[2023-03-10 18:22:43.670] [info] DeGrooteFregly2016Muscle 'gaslat' is exceeding maximum contraction velocity at time 1.715 s.
[2023-03-10 18:22:43.697] [info] DeGrooteFregly2016Muscle 'gaslat' is exceeding maximum contraction velocity at time 1.72333 s.
[2023-03-10 18:22:44.719] [info] DeGrooteFregly2016Muscle 'gaslat' is exceeding maximum contraction velocity at time 1.72333 s.
[2023-03-10 18:22:44.754] [info] DeGrooteFregly2016Muscle 'gaslat' is exceeding maximum contraction velocity at time 1.73167 s.
[2023-03-10 18:22:45.796] [info] DeGrooteFregly2016Muscle 'gaslat' is exceeding maximum contraction velocity at time 1.73167 s.
[2023-03-10 18:22:45.823] [info] DeGrooteFregly2016Muscle 'gaslat' is exceeding maximum contraction velocity at time 1.74 s.
[2023-03-10 18:22:46.894] [info] DeGrooteFregly2016Muscle 'gaslat' is exceeding maximum contraction velocity at time 1.74 s.
[2023-03-10 18:22:46.931] [info] DeGrooteFregly2016Muscle 'gaslat' is exceeding maximum contraction velocity at time 1.74833 s.
[2023-03-10 18:22:47.977] [info] DeGrooteFregly2016Muscle 'gaslat' is exceeding maximum contraction velocity at time 1.74833 s.
[2023-03-10 18:22:48.003] [info] DeGrooteFregly2016Muscle 'gaslat' is exceeding maximum contraction velocity at time 1.75667 s.
[2023-03-10 18:22:49.034] [info] DeGrooteFregly2016Muscle 'gaslat' is exceeding maximum contraction velocity at time 1.75667 s.
[2023-03-10 18:22:49.077] [info] DeGrooteFregly2016Muscle 'gaslat' is exceeding maximum contraction velocity at time 1.765 s.
[2023-03-10 18:22:50.282] [info] DeGrooteFregly2016Muscle 'gaslat' is exceeding maximum contraction velocity at time 1.765 s.
[2023-03-10 18:22:50.322] [info] DeGrooteFregly2016Muscle 'gaslat' is exceeding maximum contraction velocity at time 1.77333 s.
[2023-03-10 18:22:51.479] [info] DeGrooteFregly2016Muscle 'gaslat' is exceeding maximum contraction velocity at time 1.77333 s.
[2023-03-10 18:22:51.575] [info] DeGrooteFregly2016Muscle 'gaslat' is exceeding maximum contraction velocity at time 1.78167 s.
[2023-03-10 18:22:52.665] [info] DeGrooteFregly2016Muscle 'gaslat' is exceeding maximum contraction velocity at time 1.78167 s.
[2023-03-10 18:22:52.692] [info] DeGrooteFregly2016Muscle 'gaslat' is exceeding maximum contraction velocity at time 1.79 s.
[2023-03-10 18:22:53.899] [info] DeGrooteFregly2016Muscle 'gaslat' is exceeding maximum contraction velocity at time 1.79 s.
[2023-03-10 18:22:53.936] [info] DeGrooteFregly2016Muscle 'gaslat' is exceeding maximum contraction velocity at time 1.79833 s.
[2023-03-10 18:22:55.058] [info] DeGrooteFregly2016Muscle 'gaslat' is exceeding maximum contraction velocity at time 1.79833 s.
[2023-03-10 18:22:55.086] [info] DeGrooteFregly2016Muscle 'gaslat' is exceeding maximum contraction velocity at time 1.80667 s.
[2023-03-10 18:22:56.218] [info] DeGrooteFregly2016Muscle 'gaslat' is exceeding maximum contraction velocity at time 1.80667 s.
[2023-03-10 18:22:56.253] [info] DeGrooteFregly2016Muscle 'gaslat' is exceeding maximum contraction velocity at time 1.815 s.
[2023-03-10 18:22:57.288] [info] DeGrooteFregly2016Muscle 'gaslat' is exceeding maximum contraction velocity at time 1.815 s.
[2023-03-10 18:22:57.313] [info] DeGrooteFregly2016Muscle 'gaslat' is exceeding maximum contraction velocity at time 1.82333 s.
[2023-03-10 18:22:58.260] [info] DeGrooteFregly2016Muscle 'gaslat' is exceeding maximum contraction velocity at time 1.82333 s.
[2023-03-10 18:22:58.288] [info] DeGrooteFregly2016Muscle 'gaslat' is exceeding maximum contraction velocity at time 1.83167 s.
[2023-03-10 18:22:59.254] [info] DeGrooteFregly2016Muscle 'gaslat' is exceeding maximum contraction velocity at time 1.83167 s.
[2023-03-10 18:22:59.289] [info] DeGrooteFregly2016Muscle 'gaslat' is exceeding maximum contraction velocity at time 1.84 s.
[2023-03-10 18:23:00.263] [info] DeGrooteFregly2016Muscle 'gaslat' is exceeding maximum contraction velocity at time 1.84 s.
[2023-03-10 18:23:00.287] [info] DeGrooteFregly2016Muscle 'gaslat' is exceeding maximum contraction velocity at time 1.84833 s.
[2023-03-10 18:23:01.235] [info] DeGrooteFregly2016Muscle 'gaslat' is exceeding maximum contraction velocity at time 1.84833 s.
[2023-03-10 18:23:01.260] [info] DeGrooteFregly2016Muscle 'gaslat' is exceeding maximum contraction velocity at time 1.85667 s.
[2023-03-10 18:23:02.350] [info] DeGrooteFregly2016Muscle 'gaslat' is exceeding maximum contraction velocity at time 1.85667 s.
[2023-03-10 18:23:02.394] [info] DeGrooteFregly2016Muscle 'gaslat' is exceeding maximum contraction velocity at time 1.865 s.
[2023-03-10 18:23:03.491] [info] DeGrooteFregly2016Muscle 'gaslat' is exceeding maximum contraction velocity at time 1.865 s.
[2023-03-10 18:23:03.525] [info] DeGrooteFregly2016Muscle 'gaslat' is exceeding maximum contraction velocity at time 1.87333 s.
[2023-03-10 18:23:04.422] [info] DeGrooteFregly2016Muscle 'gaslat' is exceeding maximum contraction velocity at time 1.87333 s.
[2023-03-10 18:23:04.455] [info] DeGrooteFregly2016Muscle 'gaslat' is exceeding maximum contraction velocity at time 1.88167 s.
[2023-03-10 18:23:05.470] [info] DeGrooteFregly2016Muscle 'gaslat' is exceeding maximum contraction velocity at time 1.88167 s.
[2023-03-10 18:23:05.500] [info] DeGrooteFregly2016Muscle 'gaslat' is exceeding maximum contraction velocity at time 1.89 s.
[2023-03-10 18:23:06.350] [info] DeGrooteFregly2016Muscle 'gaslat' is exceeding maximum contraction velocity at time 1.89 s.
[2023-03-10 18:23:06.423] [info] DeGrooteFregly2016Muscle 'gaslat' is exceeding maximum contraction velocity at time 1.89833 s.
[2023-03-10 18:23:07.386] [info] DeGrooteFregly2016Muscle 'gaslat' is exceeding maximum contraction velocity at time 1.89833 s.
[2023-03-10 18:23:07.413] [info] DeGrooteFregly2016Muscle 'gaslat' is exceeding maximum contraction velocity at time 1.90667 s.
[2023-03-10 18:23:08.347] [info] DeGrooteFregly2016Muscle 'gaslat' is exceeding maximum contraction velocity at time 1.90667 s.
[2023-03-10 18:23:08.377] [info] DeGrooteFregly2016Muscle 'gaslat' is exceeding maximum contraction velocity at time 1.915 s.
[2023-03-10 18:23:09.275] [info] DeGrooteFregly2016Muscle 'gaslat' is exceeding maximum contraction velocity at time 1.915 s.
[2023-03-10 18:23:09.299] [info] DeGrooteFregly2016Muscle 'gaslat' is exceeding maximum contraction velocity at time 1.92333 s.
[2023-03-10 18:23:10.230] [info] DeGrooteFregly2016Muscle 'gaslat' is exceeding maximum contraction velocity at time 1.92333 s.
[2023-03-10 18:23:10.256] [info] DeGrooteFregly2016Muscle 'gaslat' is exceeding maximum contraction velocity at time 1.93167 s.
[2023-03-10 18:23:11.169] [info] DeGrooteFregly2016Muscle 'gaslat' is exceeding maximum contraction velocity at time 1.93167 s.
[2023-03-10 18:23:11.200] [info] DeGrooteFregly2016Muscle 'gaslat' is exceeding maximum contraction velocity at time 1.94 s.
[2023-03-10 18:23:12.153] [info] DeGrooteFregly2016Muscle 'gaslat' is exceeding maximum contraction velocity at time 1.94 s.
[2023-03-10 18:23:12.180] [info] DeGrooteFregly2016Muscle 'gaslat' is exceeding maximum contraction velocity at time 1.94833 s.
[2023-03-10 18:23:13.108] [info] DeGrooteFregly2016Muscle 'gaslat' is exceeding maximum contraction velocity at time 1.94833 s.
[2023-03-10 18:23:13.133] [info] DeGrooteFregly2016Muscle 'gaslat' is exceeding maximum contraction velocity at time 1.95667 s.
[2023-03-10 18:23:14.088] [info] DeGrooteFregly2016Muscle 'gaslat' is exceeding maximum contraction velocity at time 1.95667 s.
[2023-03-10 18:23:14.121] [info] DeGrooteFregly2016Muscle 'gaslat' is exceeding maximum contraction velocity at time 1.965 s.
[2023-03-10 18:23:15.009] [info] DeGrooteFregly2016Muscle 'gaslat' is exceeding maximum contraction velocity at time 1.965 s.
[2023-03-10 18:23:15.039] [info] DeGrooteFregly2016Muscle 'gaslat' is exceeding maximum contraction velocity at time 1.97333 s.
[2023-03-10 18:23:15.993] [info] DeGrooteFregly2016Muscle 'gaslat' is exceeding maximum contraction velocity at time 1.97333 s.
[2023-03-10 18:23:16.019] [info] DeGrooteFregly2016Muscle 'gaslat' is exceeding maximum contraction velocity at time 1.98167 s.
[2023-03-10 18:23:16.875] [info] DeGrooteFregly2016Muscle 'gaslat' is exceeding maximum contraction velocity at time 1.98167 s.
[2023-03-10 18:23:16.902] [info] DeGrooteFregly2016Muscle 'gaslat' is exceeding maximum contraction velocity at time 1.99 s.
[2023-03-10 18:23:17.802] [info] DeGrooteFregly2016Muscle 'gaslat' is exceeding maximum contraction velocity at time 1.99 s.
[2023-03-10 18:23:17.829] [info] DeGrooteFregly2016Muscle 'gaslat' is exceeding maximum contraction velocity at time 1.99833 s.
[2023-03-10 18:23:18.776] [info] DeGrooteFregly2016Muscle 'gaslat' is exceeding maximum contraction velocity at time 1.99833 s.
[2023-03-10 18:23:18.803] [info] DeGrooteFregly2016Muscle 'gaslat' is exceeding maximum contraction velocity at time 2.00667 s.
[2023-03-10 18:23:19.672] [info] DeGrooteFregly2016Muscle 'gaslat' is exceeding maximum contraction velocity at time 2.00667 s.
[2023-03-10 18:23:19.697] [info] DeGrooteFregly2016Muscle 'gaslat' is exceeding maximum contraction velocity at time 2.015 s.
[2023-03-10 18:23:20.657] [info] DeGrooteFregly2016Muscle 'gaslat' is exceeding maximum contraction velocity at time 2.015 s.
[2023-03-10 18:23:20.686] [info] DeGrooteFregly2016Muscle 'gaslat' is exceeding maximum contraction velocity at time 2.02333 s.
[2023-03-10 18:23:21.684] [info] DeGrooteFregly2016Muscle 'gaslat' is exceeding maximum contraction velocity at time 2.02333 s.
[2023-03-10 18:23:21.713] [info] DeGrooteFregly2016Muscle 'gaslat' is exceeding maximum contraction velocity at time 2.03167 s.
[2023-03-10 18:23:22.682] [info] DeGrooteFregly2016Muscle 'gaslat' is exceeding maximum contraction velocity at time 2.03167 s.
[2023-03-10 18:23:22.706] [info] DeGrooteFregly2016Muscle 'gaslat' is exceeding maximum contraction velocity at time 2.04 s.
[2023-03-10 18:23:23.649] [info] DeGrooteFregly2016Muscle 'gaslat' is exceeding maximum contraction velocity at time 2.04 s.
[2023-03-10 18:23:23.674] [info] DeGrooteFregly2016Muscle 'gaslat' is exceeding maximum contraction velocity at time 2.04833 s.
[2023-03-10 18:23:24.582] [info] DeGrooteFregly2016Muscle 'gaslat' is exceeding maximum contraction velocity at time 2.04833 s.
[2023-03-10 18:23:24.607] [info] DeGrooteFregly2016Muscle 'gaslat' is exceeding maximum contraction velocity at time 2.05667 s.
[2023-03-10 18:23:25.550] [info] DeGrooteFregly2016Muscle 'gaslat' is exceeding maximum contraction velocity at time 2.05667 s.
[2023-03-10 18:23:25.575] [info] DeGrooteFregly2016Muscle 'gaslat' is exceeding maximum contraction velocity at time 2.065 s.
[2023-03-10 18:23:26.499] [info] DeGrooteFregly2016Muscle 'gaslat' is exceeding maximum contraction velocity at time 2.065 s.
[2023-03-10 18:23:26.521] [info] DeGrooteFregly2016Muscle 'gaslat' is exceeding maximum contraction velocity at time 2.07333 s.
[2023-03-10 18:23:27.397] [info] DeGrooteFregly2016Muscle 'gaslat' is exceeding maximum contraction velocity at time 2.07333 s.
[2023-03-10 18:23:27.421] [info] DeGrooteFregly2016Muscle 'gaslat' is exceeding maximum contraction velocity at time 2.08167 s.
[2023-03-10 18:23:28.352] [info] DeGrooteFregly2016Muscle 'gaslat' is exceeding maximum contraction velocity at time 2.08167 s.
[2023-03-10 18:23:28.375] [info] DeGrooteFregly2016Muscle 'gaslat' is exceeding maximum contraction velocity at time 2.09 s.
[2023-03-10 18:23:29.321] [info] DeGrooteFregly2016Muscle 'gaslat' is exceeding maximum contraction velocity at time 2.09 s.
[2023-03-10 18:23:29.345] [info] DeGrooteFregly2016Muscle 'gaslat' is exceeding maximum contraction velocity at time 2.09833 s.
[2023-03-10 18:23:30.266] [info] DeGrooteFregly2016Muscle 'gaslat' is exceeding maximum contraction velocity at time 2.09833 s.
[2023-03-10 18:23:30.296] [info] DeGrooteFregly2016Muscle 'gaslat' is exceeding maximum contraction velocity at time 2.10667 s.
[2023-03-10 18:23:31.188] [info] DeGrooteFregly2016Muscle 'gaslat' is exceeding maximum contraction velocity at time 2.10667 s.
[2023-03-10 18:23:31.221] [info] DeGrooteFregly2016Muscle 'gaslat' is exceeding maximum contraction velocity at time 2.115 s.
[2023-03-10 18:23:32.173] [info] DeGrooteFregly2016Muscle 'gaslat' is exceeding maximum contraction velocity at time 2.115 s.
[2023-03-10 18:23:32.197] [info] DeGrooteFregly2016Muscle 'gaslat' is exceeding maximum contraction velocity at time 2.12333 s.
[2023-03-10 18:23:33.165] [info] DeGrooteFregly2016Muscle 'gaslat' is exceeding maximum contraction velocity at time 2.12333 s.
[2023-03-10 18:23:33.190] [info] DeGrooteFregly2016Muscle 'gaslat' is exceeding maximum contraction velocity at time 2.13167 s.
[2023-03-10 18:23:34.185] [info] DeGrooteFregly2016Muscle 'gaslat' is exceeding maximum contraction velocity at time 2.13167 s.
[2023-03-10 18:23:34.213] [info] DeGrooteFregly2016Muscle 'gaslat' is exceeding maximum contraction velocity at time 2.14 s.
[2023-03-10 18:23:35.185] [info] DeGrooteFregly2016Muscle 'gaslat' is exceeding maximum contraction velocity at time 2.14 s.
[2023-03-10 18:23:35.218] [info] DeGrooteFregly2016Muscle 'gaslat' is exceeding maximum contraction velocity at time 2.14833 s.
[2023-03-10 18:23:36.175] [info] DeGrooteFregly2016Muscle 'gaslat' is exceeding maximum contraction velocity at time 2.14833 s.
[2023-03-10 18:23:36.220] [info] DeGrooteFregly2016Muscle 'gaslat' is exceeding maximum contraction velocity at time 2.15667 s.
[2023-03-10 18:23:37.158] [info] DeGrooteFregly2016Muscle 'gaslat' is exceeding maximum contraction velocity at time 2.15667 s.
[2023-03-10 18:23:37.185] [info] DeGrooteFregly2016Muscle 'gaslat' is exceeding maximum contraction velocity at time 2.165 s.
[2023-03-10 18:23:38.103] [info] DeGrooteFregly2016Muscle 'gaslat' is exceeding maximum contraction velocity at time 2.165 s.
[2023-03-10 18:23:38.142] [info] DeGrooteFregly2016Muscle 'gaslat' is exceeding maximum contraction velocity at time 2.17333 s.
[2023-03-10 18:23:39.046] [info] DeGrooteFregly2016Muscle 'gaslat' is exceeding maximum contraction velocity at time 2.17333 s.
[2023-03-10 18:23:39.077] [info] DeGrooteFregly2016Muscle 'gaslat' is exceeding maximum contraction velocity at time 2.18167 s.
[2023-03-10 18:23:40.067] [info] DeGrooteFregly2016Muscle 'gaslat' is exceeding maximum contraction velocity at time 2.18167 s.
[2023-03-10 18:23:40.100] [info] DeGrooteFregly2016Muscle 'gaslat' is exceeding maximum contraction velocity at time 2.19 s.
[2023-03-10 18:23:41.058] [info] DeGrooteFregly2016Muscle 'gaslat' is exceeding maximum contraction velocity at time 2.19 s.
[2023-03-10 18:23:41.090] [info] DeGrooteFregly2016Muscle 'gaslat' is exceeding maximum contraction velocity at time 2.19833 s.
[2023-03-10 18:23:42.103] [info] DeGrooteFregly2016Muscle 'gaslat' is exceeding maximum contraction velocity at time 2.19833 s.
[2023-03-10 18:23:42.133] [info] DeGrooteFregly2016Muscle 'gaslat' is exceeding maximum contraction velocity at time 2.20667 s.
[2023-03-10 18:23:43.075] [info] DeGrooteFregly2016Muscle 'gaslat' is exceeding maximum contraction velocity at time 2.20667 s.
[2023-03-10 18:23:43.110] [info] DeGrooteFregly2016Muscle 'gaslat' is exceeding maximum contraction velocity at time 2.215 s.
[2023-03-10 18:23:44.033] [info] DeGrooteFregly2016Muscle 'gaslat' is exceeding maximum contraction velocity at time 2.215 s.
[2023-03-10 18:23:44.066] [info] DeGrooteFregly2016Muscle 'gaslat' is exceeding maximum contraction velocity at time 2.22333 s.
[2023-03-10 18:23:45.006] [info] DeGrooteFregly2016Muscle 'gaslat' is exceeding maximum contraction velocity at time 2.22333 s.
[2023-03-10 18:23:45.043] [info] DeGrooteFregly2016Muscle 'gaslat' is exceeding maximum contraction velocity at time 2.23167 s.
[2023-03-10 18:23:46.014] [info] DeGrooteFregly2016Muscle 'gaslat' is exceeding maximum contraction velocity at time 2.23167 s.
[2023-03-10 18:23:46.043] [info] DeGrooteFregly2016Muscle 'gaslat' is exceeding maximum contraction velocity at time 2.24 s.
[2023-03-10 18:23:47.017] [info] DeGrooteFregly2016Muscle 'gaslat' is exceeding maximum contraction velocity at time 2.24 s.
[2023-03-10 18:23:47.043] [info] DeGrooteFregly2016Muscle 'gaslat' is exceeding maximum contraction velocity at time 2.24833 s.
[2023-03-10 18:23:47.974] [info] DeGrooteFregly2016Muscle 'gaslat' is exceeding maximum contraction velocity at time 2.24833 s.
[2023-03-10 18:23:48.001] [info] DeGrooteFregly2016Muscle 'gaslat' is exceeding maximum contraction velocity at time 2.25667 s.
[2023-03-10 18:23:48.938] [info] DeGrooteFregly2016Muscle 'gaslat' is exceeding maximum contraction velocity at time 2.25667 s.
[2023-03-10 18:23:48.963] [info] DeGrooteFregly2016Muscle 'gaslat' is exceeding maximum contraction velocity at time 2.265 s.
[2023-03-10 18:23:49.853] [info] DeGrooteFregly2016Muscle 'gaslat' is exceeding maximum contraction velocity at time 2.265 s.
[2023-03-10 18:23:49.883] [info] DeGrooteFregly2016Muscle 'gaslat' is exceeding maximum contraction velocity at time 2.27333 s.
[2023-03-10 18:23:50.807] [info] DeGrooteFregly2016Muscle 'gaslat' is exceeding maximum contraction velocity at time 2.27333 s.
[2023-03-10 18:23:50.839] [info] DeGrooteFregly2016Muscle 'gaslat' is exceeding maximum contraction velocity at time 2.28167 s.
[2023-03-10 18:23:51.778] [info] DeGrooteFregly2016Muscle 'gaslat' is exceeding maximum contraction velocity at time 2.28167 s.
[2023-03-10 18:23:51.804] [info] DeGrooteFregly2016Muscle 'gaslat' is exceeding maximum contraction velocity at time 2.29 s.
[2023-03-10 18:23:52.693] [info] DeGrooteFregly2016Muscle 'gaslat' is exceeding maximum contraction velocity at time 2.29 s.
[2023-03-10 18:23:52.717] [info] DeGrooteFregly2016Muscle 'gaslat' is exceeding maximum contraction velocity at time 2.29833 s.
[2023-03-10 18:23:53.649] [info] DeGrooteFregly2016Muscle 'gaslat' is exceeding maximum contraction velocity at time 2.29833 s.
[2023-03-10 18:23:53.675] [info] DeGrooteFregly2016Muscle 'gaslat' is exceeding maximum contraction velocity at time 2.30667 s.
[2023-03-10 18:23:54.611] [info] DeGrooteFregly2016Muscle 'gaslat' is exceeding maximum contraction velocity at time 2.30667 s.
[2023-03-10 18:23:54.649] [info] DeGrooteFregly2016Muscle 'gaslat' is exceeding maximum contraction velocity at time 2.315 s.
[2023-03-10 18:23:55.613] [info] DeGrooteFregly2016Muscle 'gaslat' is exceeding maximum contraction velocity at time 2.315 s.
[2023-03-10 18:23:55.645] [info] DeGrooteFregly2016Muscle 'gaslat' is exceeding maximum contraction velocity at time 2.32333 s.
[2023-03-10 18:23:56.624] [info] DeGrooteFregly2016Muscle 'gaslat' is exceeding maximum contraction velocity at time 2.32333 s.
[2023-03-10 18:23:56.651] [info] DeGrooteFregly2016Muscle 'gaslat' is exceeding maximum contraction velocity at time 2.33167 s.
[2023-03-10 18:23:57.601] [info] DeGrooteFregly2016Muscle 'gaslat' is exceeding maximum contraction velocity at time 2.33167 s.
[2023-03-10 18:23:57.625] [info] DeGrooteFregly2016Muscle 'gaslat' is exceeding maximum contraction velocity at time 2.34 s.
[2023-03-10 18:23:58.572] [info] DeGrooteFregly2016Muscle 'gaslat' is exceeding maximum contraction velocity at time 2.34 s.
[2023-03-10 18:23:58.599] [info] DeGrooteFregly2016Muscle 'gaslat' is exceeding maximum contraction velocity at time 2.34833 s.
[2023-03-10 18:23:59.493] [info] DeGrooteFregly2016Muscle 'gaslat' is exceeding maximum contraction velocity at time 2.34833 s.
[2023-03-10 18:23:59.523] [info] DeGrooteFregly2016Muscle 'gaslat' is exceeding maximum contraction velocity at time 2.35667 s.
[2023-03-10 18:24:00.452] [info] DeGrooteFregly2016Muscle 'gaslat' is exceeding maximum contraction velocity at time 2.35667 s.
[2023-03-10 18:24:00.487] [info] DeGrooteFregly2016Muscle 'gaslat' is exceeding maximum contraction velocity at time 2.365 s.
[2023-03-10 18:24:01.416] [info] DeGrooteFregly2016Muscle 'gaslat' is exceeding maximum contraction velocity at time 2.365 s.
[2023-03-10 18:24:01.490] [info] DeGrooteFregly2016Muscle 'gaslat' is exceeding maximum contraction velocity at time 2.37333 s.
[2023-03-10 18:24:02.411] [info] DeGrooteFregly2016Muscle 'gaslat' is exceeding maximum contraction velocity at time 2.37333 s.
[2023-03-10 18:24:07.382] [info] DeGrooteFregly2016Muscle 'gaslat' is exceeding maximum contraction velocity at time 2.42333 s.
[2023-03-10 18:24:08.265] [info] DeGrooteFregly2016Muscle 'gaslat' is exceeding maximum contraction velocity at time 2.42333 s.
[2023-03-10 18:24:08.291] [info] DeGrooteFregly2016Muscle 'gaslat' is exceeding maximum contraction velocity at time 2.43167 s.
[2023-03-10 18:24:09.249] [info] DeGrooteFregly2016Muscle 'gaslat' is exceeding maximum contraction velocity at time 2.43167 s.
[2023-03-10 18:24:09.281] [info] DeGrooteFregly2016Muscle 'gaslat' is exceeding maximum contraction velocity at time 2.44 s.
[2023-03-10 18:24:10.148] [info] DeGrooteFregly2016Muscle 'gaslat' is exceeding maximum contraction velocity at time 2.44 s.
[2023-03-10 18:24:10.173] [info] DeGrooteFregly2016Muscle 'gaslat' is exceeding maximum contraction velocity at time 2.44833 s.
[2023-03-10 18:24:11.093] [info] DeGrooteFregly2016Muscle 'gaslat' is exceeding maximum contraction velocity at time 2.44833 s.
[2023-03-10 18:24:11.118] [info] DeGrooteFregly2016Muscle 'gaslat' is exceeding maximum contraction velocity at time 2.45667 s.
[2023-03-10 18:24:12.019] [info] DeGrooteFregly2016Muscle 'gaslat' is exceeding maximum contraction velocity at time 2.45667 s.
[2023-03-10 18:24:12.042] [info] DeGrooteFregly2016Muscle 'gaslat' is exceeding maximum contraction velocity at time 2.465 s.
[2023-03-10 18:24:13.037] [info] DeGrooteFregly2016Muscle 'gaslat' is exceeding maximum contraction velocity at time 2.465 s.
[2023-03-10 18:24:13.065] [info] DeGrooteFregly2016Muscle 'gaslat' is exceeding maximum contraction velocity at time 2.47333 s.
[2023-03-10 18:24:14.038] [info] DeGrooteFregly2016Muscle 'gaslat' is exceeding maximum contraction velocity at time 2.47333 s.
[2023-03-10 18:24:14.070] [info] DeGrooteFregly2016Muscle 'gaslat' is exceeding maximum contraction velocity at time 2.48167 s.
[2023-03-10 18:24:14.991] [info] DeGrooteFregly2016Muscle 'gaslat' is exceeding maximum contraction velocity at time 2.48167 s.
[2023-03-10 18:24:15.055] [info] DeGrooteFregly2016Muscle 'gaslat' is exceeding maximum contraction velocity at time 2.49 s.
[2023-03-10 18:24:16.008] [info] DeGrooteFregly2016Muscle 'gaslat' is exceeding maximum contraction velocity at time 2.49 s.
[2023-03-10 18:24:16.037] [info] DeGrooteFregly2016Muscle 'gaslat' is exceeding maximum contraction velocity at time 2.49833 s.
[2023-03-10 18:24:16.955] [info] DeGrooteFregly2016Muscle 'gaslat' is exceeding maximum contraction velocity at time 2.49833 s.
[2023-03-10 18:24:16.987] [info] DeGrooteFregly2016Muscle 'gaslat' is exceeding maximum contraction velocity at time 2.50667 s.
[2023-03-10 18:24:17.925] [info] DeGrooteFregly2016Muscle 'gaslat' is exceeding maximum contraction velocity at time 2.50667 s.
[2023-03-10 18:24:17.954] [info] DeGrooteFregly2016Muscle 'gaslat' is exceeding maximum contraction velocity at time 2.515 s.
[2023-03-10 18:24:18.987] [info] DeGrooteFregly2016Muscle 'gaslat' is exceeding maximum contraction velocity at time 2.515 s.
[2023-03-10 18:24:19.015] [info] DeGrooteFregly2016Muscle 'gaslat' is exceeding maximum contraction velocity at time 2.52333 s.
[2023-03-10 18:24:19.914] [info] DeGrooteFregly2016Muscle 'gaslat' is exceeding maximum contraction velocity at time 2.52333 s.
[2023-03-10 18:24:19.943] [info] DeGrooteFregly2016Muscle 'gaslat' is exceeding maximum contraction velocity at time 2.53167 s.
[2023-03-10 18:24:20.882] [info] DeGrooteFregly2016Muscle 'gaslat' is exceeding maximum contraction velocity at time 2.53167 s.
[2023-03-10 18:24:20.911] [info] DeGrooteFregly2016Muscle 'gaslat' is exceeding maximum contraction velocity at time 2.54 s.
[2023-03-10 18:24:21.819] [info] DeGrooteFregly2016Muscle 'gaslat' is exceeding maximum contraction velocity at time 2.54 s.
[2023-03-10 18:24:21.858] [info] DeGrooteFregly2016Muscle 'gaslat' is exceeding maximum contraction velocity at time 2.54833 s.
[2023-03-10 18:24:22.739] [info] DeGrooteFregly2016Muscle 'gaslat' is exceeding maximum contraction velocity at time 2.54833 s.
[2023-03-10 18:24:22.764] [info] DeGrooteFregly2016Muscle 'gaslat' is exceeding maximum contraction velocity at time 2.55667 s.
[2023-03-10 18:24:23.672] [info] DeGrooteFregly2016Muscle 'gaslat' is exceeding maximum contraction velocity at time 2.55667 s.
[2023-03-10 18:24:23.697] [info] DeGrooteFregly2016Muscle 'gaslat' is exceeding maximum contraction velocity at time 2.565 s.
[2023-03-10 18:24:24.588] [info] DeGrooteFregly2016Muscle 'gaslat' is exceeding maximum contraction velocity at time 2.565 s.
[2023-03-10 18:24:24.612] [info] DeGrooteFregly2016Muscle 'gaslat' is exceeding maximum contraction velocity at time 2.57333 s.
[2023-03-10 18:24:25.507] [info] DeGrooteFregly2016Muscle 'gaslat' is exceeding maximum contraction velocity at time 2.57333 s.
[2023-03-10 18:24:25.542] [info] DeGrooteFregly2016Muscle 'gaslat' is exceeding maximum contraction velocity at time 2.58167 s.
[2023-03-10 18:24:26.417] [info] DeGrooteFregly2016Muscle 'gaslat' is exceeding maximum contraction velocity at time 2.58167 s.
[2023-03-10 18:24:26.445] [info] DeGrooteFregly2016Muscle 'gaslat' is exceeding maximum contraction velocity at time 2.59 s.
[2023-03-10 18:24:27.319] [info] DeGrooteFregly2016Muscle 'gaslat' is exceeding maximum contraction velocity at time 2.59 s.
[2023-03-10 18:24:27.345] [info] DeGrooteFregly2016Muscle 'gaslat' is exceeding maximum contraction velocity at time 2.59833 s.
[2023-03-10 18:24:28.280] [info] DeGrooteFregly2016Muscle 'gaslat' is exceeding maximum contraction velocity at time 2.59833 s.
[2023-03-10 18:24:28.306] [info] DeGrooteFregly2016Muscle 'gaslat' is exceeding maximum contraction velocity at time 2.60667 s.
[2023-03-10 18:24:29.279] [info] DeGrooteFregly2016Muscle 'gaslat' is exceeding maximum contraction velocity at time 2.60667 s.
[2023-03-10 18:24:29.304] [info] DeGrooteFregly2016Muscle 'gaslat' is exceeding maximum contraction velocity at time 2.615 s.
[2023-03-10 18:24:30.168] [info] DeGrooteFregly2016Muscle 'gaslat' is exceeding maximum contraction velocity at time 2.615 s.
[2023-03-10 18:24:30.189] [info] DeGrooteFregly2016Muscle 'gaslat' is exceeding maximum contraction velocity at time 2.62333 s.
[2023-03-10 18:24:31.083] [info] DeGrooteFregly2016Muscle 'gaslat' is exceeding maximum contraction velocity at time 2.62333 s.
[2023-03-10 18:24:31.104] [info] DeGrooteFregly2016Muscle 'gaslat' is exceeding maximum contraction velocity at time 2.63167 s.
[2023-03-10 18:24:31.945] [info] DeGrooteFregly2016Muscle 'gaslat' is exceeding maximum contraction velocity at time 2.63167 s.
[2023-03-10 18:24:31.974] [info] DeGrooteFregly2016Muscle 'gaslat' is exceeding maximum contraction velocity at time 2.64 s.
[2023-03-10 18:24:32.879] [info] DeGrooteFregly2016Muscle 'gaslat' is exceeding maximum contraction velocity at time 2.64 s.
[2023-03-10 18:24:32.904] [info] DeGrooteFregly2016Muscle 'gaslat' is exceeding maximum contraction velocity at time 2.64833 s.
[2023-03-10 18:24:33.831] [info] DeGrooteFregly2016Muscle 'gaslat' is exceeding maximum contraction velocity at time 2.64833 s.
[2023-03-10 18:24:33.859] [info] DeGrooteFregly2016Muscle 'gaslat' is exceeding maximum contraction velocity at time 2.65667 s.
[2023-03-10 18:24:34.765] [info] DeGrooteFregly2016Muscle 'gaslat' is exceeding maximum contraction velocity at time 2.65667 s.
[2023-03-10 18:24:34.790] [info] DeGrooteFregly2016Muscle 'gaslat' is exceeding maximum contraction velocity at time 2.665 s.
[2023-03-10 18:24:35.705] [info] DeGrooteFregly2016Muscle 'gaslat' is exceeding maximum contraction velocity at time 2.665 s.
[2023-03-10 18:24:35.731] [info] DeGrooteFregly2016Muscle 'gaslat' is exceeding maximum contraction velocity at time 2.67333 s.
[2023-03-10 18:24:36.592] [info] DeGrooteFregly2016Muscle 'gaslat' is exceeding maximum contraction velocity at time 2.67333 s.
[2023-03-10 18:24:36.613] [info] DeGrooteFregly2016Muscle 'gaslat' is exceeding maximum contraction velocity at time 2.68167 s.
[2023-03-10 18:24:37.484] [info] DeGrooteFregly2016Muscle 'gaslat' is exceeding maximum contraction velocity at time 2.68167 s.
[2023-03-10 18:24:37.510] [info] DeGrooteFregly2016Muscle 'gaslat' is exceeding maximum contraction velocity at time 2.69 s.
[2023-03-10 18:24:38.420] [info] DeGrooteFregly2016Muscle 'gaslat' is exceeding maximum contraction velocity at time 2.69 s.
[2023-03-10 18:24:38.445] [info] DeGrooteFregly2016Muscle 'gaslat' is exceeding maximum contraction velocity at time 2.69833 s.
[2023-03-10 18:24:39.404] [info] DeGrooteFregly2016Muscle 'gaslat' is exceeding maximum contraction velocity at time 2.69833 s.
[2023-03-10 18:24:39.428] [info] DeGrooteFregly2016Muscle 'gaslat' is exceeding maximum contraction velocity at time 2.70667 s.
[2023-03-10 18:24:40.379] [info] DeGrooteFregly2016Muscle 'gaslat' is exceeding maximum contraction velocity at time 2.70667 s.
[2023-03-10 18:24:40.407] [info] DeGrooteFregly2016Muscle 'gaslat' is exceeding maximum contraction velocity at time 2.715 s.
[2023-03-10 18:24:41.370] [info] DeGrooteFregly2016Muscle 'gaslat' is exceeding maximum contraction velocity at time 2.715 s.
[2023-03-10 18:24:41.396] [info] DeGrooteFregly2016Muscle 'gaslat' is exceeding maximum contraction velocity at time 2.72333 s.
[2023-03-10 18:24:42.360] [info] DeGrooteFregly2016Muscle 'gaslat' is exceeding maximum contraction velocity at time 2.72333 s.
[2023-03-10 18:24:42.385] [info] DeGrooteFregly2016Muscle 'gaslat' is exceeding maximum contraction velocity at time 2.73167 s.
[2023-03-10 18:24:43.356] [info] DeGrooteFregly2016Muscle 'gaslat' is exceeding maximum contraction velocity at time 2.73167 s.
[2023-03-10 18:24:43.390] [info] DeGrooteFregly2016Muscle 'gaslat' is exceeding maximum contraction velocity at time 2.74 s.
[2023-03-10 18:24:44.339] [info] DeGrooteFregly2016Muscle 'gaslat' is exceeding maximum contraction velocity at time 2.74 s.
[2023-03-10 18:24:44.369] [info] DeGrooteFregly2016Muscle 'gaslat' is exceeding maximum contraction velocity at time 2.74833 s.
[2023-03-10 18:24:45.288] [info] DeGrooteFregly2016Muscle 'gaslat' is exceeding maximum contraction velocity at time 2.74833 s.
[2023-03-10 18:24:45.318] [info] DeGrooteFregly2016Muscle 'gaslat' is exceeding maximum contraction velocity at time 2.75667 s.
[2023-03-10 18:24:46.283] [info] DeGrooteFregly2016Muscle 'gaslat' is exceeding maximum contraction velocity at time 2.75667 s.
[2023-03-10 18:24:46.313] [info] DeGrooteFregly2016Muscle 'gaslat' is exceeding maximum contraction velocity at time 2.765 s.
[2023-03-10 18:24:47.287] [info] DeGrooteFregly2016Muscle 'gaslat' is exceeding maximum contraction velocity at time 2.765 s.
[2023-03-10 18:24:47.315] [info] DeGrooteFregly2016Muscle 'gaslat' is exceeding maximum contraction velocity at time 2.77333 s.
[2023-03-10 18:24:48.247] [info] DeGrooteFregly2016Muscle 'gaslat' is exceeding maximum contraction velocity at time 2.77333 s.
[2023-03-10 18:24:48.279] [info] DeGrooteFregly2016Muscle 'gaslat' is exceeding maximum contraction velocity at time 2.78167 s.
[2023-03-10 18:24:49.177] [info] DeGrooteFregly2016Muscle 'gaslat' is exceeding maximum contraction velocity at time 2.78167 s.
[2023-03-10 18:24:49.205] [info] DeGrooteFregly2016Muscle 'gaslat' is exceeding maximum contraction velocity at time 2.79 s.
[2023-03-10 18:24:50.154] [info] DeGrooteFregly2016Muscle 'gaslat' is exceeding maximum contraction velocity at time 2.79 s.
[2023-03-10 18:24:50.186] [info] DeGrooteFregly2016Muscle 'gaslat' is exceeding maximum contraction velocity at time 2.79833 s.
[2023-03-10 18:24:51.072] [info] DeGrooteFregly2016Muscle 'gaslat' is exceeding maximum contraction velocity at time 2.79833 s.
[2023-03-10 18:24:51.102] [info] DeGrooteFregly2016Muscle 'gaslat' is exceeding maximum contraction velocity at time 2.80667 s.
[2023-03-10 18:24:52.000] [info] DeGrooteFregly2016Muscle 'gaslat' is exceeding maximum contraction velocity at time 2.80667 s.
[2023-03-10 18:24:52.034] [info] DeGrooteFregly2016Muscle 'gaslat' is exceeding maximum contraction velocity at time 2.815 s.
[2023-03-10 18:24:52.921] [info] DeGrooteFregly2016Muscle 'gaslat' is exceeding maximum contraction velocity at time 2.815 s.
[2023-03-10 18:24:52.950] [info] DeGrooteFregly2016Muscle 'gaslat' is exceeding maximum contraction velocity at time 2.82333 s.
[2023-03-10 18:24:53.862] [info] DeGrooteFregly2016Muscle 'gaslat' is exceeding maximum contraction velocity at time 2.82333 s.
[2023-03-10 18:24:53.886] [info] DeGrooteFregly2016Muscle 'gaslat' is exceeding maximum contraction velocity at time 2.83167 s.
[2023-03-10 18:24:54.783] [info] DeGrooteFregly2016Muscle 'gaslat' is exceeding maximum contraction velocity at time 2.83167 s.
[2023-03-10 18:24:54.806] [info] DeGrooteFregly2016Muscle 'gaslat' is exceeding maximum contraction velocity at time 2.84 s.
[2023-03-10 18:24:55.681] [info] DeGrooteFregly2016Muscle 'gaslat' is exceeding maximum contraction velocity at time 2.84 s.
[2023-03-10 18:24:55.711] [info] DeGrooteFregly2016Muscle 'gaslat' is exceeding maximum contraction velocity at time 2.84833 s.
[2023-03-10 18:24:56.591] [info] DeGrooteFregly2016Muscle 'gaslat' is exceeding maximum contraction velocity at time 2.84833 s.
[2023-03-10 18:24:56.627] [info] DeGrooteFregly2016Muscle 'gaslat' is exceeding maximum contraction velocity at time 2.85667 s.
[2023-03-10 18:24:57.545] [info] DeGrooteFregly2016Muscle 'gaslat' is exceeding maximum contraction velocity at time 2.85667 s.
[2023-03-10 18:24:57.609] [info] DeGrooteFregly2016Muscle 'gaslat' is exceeding maximum contraction velocity at time 2.865 s.
[2023-03-10 18:24:58.569] [info] DeGrooteFregly2016Muscle 'gaslat' is exceeding maximum contraction velocity at time 2.865 s.
[2023-03-10 18:24:58.600] [info] DeGrooteFregly2016Muscle 'gaslat' is exceeding maximum contraction velocity at time 2.87333 s.
[2023-03-10 18:24:59.504] [info] DeGrooteFregly2016Muscle 'gaslat' is exceeding maximum contraction velocity at time 2.87333 s.
[2023-03-10 18:24:59.527] [info] DeGrooteFregly2016Muscle 'gaslat' is exceeding maximum contraction velocity at time 2.88167 s.
[2023-03-10 18:25:00.474] [info] DeGrooteFregly2016Muscle 'gaslat' is exceeding maximum contraction velocity at time 2.88167 s.
[2023-03-10 18:25:00.500] [info] DeGrooteFregly2016Muscle 'gaslat' is exceeding maximum contraction velocity at time 2.89 s.
[2023-03-10 18:25:01.434] [info] DeGrooteFregly2016Muscle 'gaslat' is exceeding maximum contraction velocity at time 2.89 s.
[2023-03-10 18:25:01.458] [info] DeGrooteFregly2016Muscle 'gaslat' is exceeding maximum contraction velocity at time 2.89833 s.
[2023-03-10 18:25:02.314] [info] DeGrooteFregly2016Muscle 'gaslat' is exceeding maximum contraction velocity at time 2.89833 s.
[2023-03-10 18:25:02.341] [info] DeGrooteFregly2016Muscle 'gaslat' is exceeding maximum contraction velocity at time 2.90667 s.
[2023-03-10 18:25:03.242] [info] DeGrooteFregly2016Muscle 'gaslat' is exceeding maximum contraction velocity at time 2.90667 s.
[2023-03-10 18:25:03.266] [info] DeGrooteFregly2016Muscle 'gaslat' is exceeding maximum contraction velocity at time 2.915 s.
[2023-03-10 18:25:04.158] [info] DeGrooteFregly2016Muscle 'gaslat' is exceeding maximum contraction velocity at time 2.915 s.
[2023-03-10 18:25:04.181] [info] DeGrooteFregly2016Muscle 'gaslat' is exceeding maximum contraction velocity at time 2.92333 s.
[2023-03-10 18:25:05.062] [info] DeGrooteFregly2016Muscle 'gaslat' is exceeding maximum contraction velocity at time 2.92333 s.
[2023-03-10 18:25:05.088] [info] DeGrooteFregly2016Muscle 'gaslat' is exceeding maximum contraction velocity at time 2.93167 s.
[2023-03-10 18:25:05.993] [info] DeGrooteFregly2016Muscle 'gaslat' is exceeding maximum contraction velocity at time 2.93167 s.
[2023-03-10 18:25:06.017] [info] DeGrooteFregly2016Muscle 'gaslat' is exceeding maximum contraction velocity at time 2.94 s.
[2023-03-10 18:25:06.926] [info] DeGrooteFregly2016Muscle 'gaslat' is exceeding maximum contraction velocity at time 2.94 s.
[2023-03-10 18:25:06.950] [info] DeGrooteFregly2016Muscle 'gaslat' is exceeding maximum contraction velocity at time 2.94833 s.
[2023-03-10 18:25:07.893] [info] DeGrooteFregly2016Muscle 'gaslat' is exceeding maximum contraction velocity at time 2.94833 s.
[2023-03-10 18:25:07.920] [info] DeGrooteFregly2016Muscle 'gaslat' is exceeding maximum contraction velocity at time 2.95667 s.
[2023-03-10 18:25:08.831] [info] DeGrooteFregly2016Muscle 'gaslat' is exceeding maximum contraction velocity at time 2.95667 s.
[2023-03-10 18:25:08.855] [info] DeGrooteFregly2016Muscle 'gaslat' is exceeding maximum contraction velocity at time 2.965 s.
[2023-03-10 18:25:09.795] [info] DeGrooteFregly2016Muscle 'gaslat' is exceeding maximum contraction velocity at time 2.965 s.
[2023-03-10 18:25:09.824] [info] DeGrooteFregly2016Muscle 'gaslat' is exceeding maximum contraction velocity at time 2.97333 s.
[2023-03-10 18:25:10.723] [info] DeGrooteFregly2016Muscle 'gaslat' is exceeding maximum contraction velocity at time 2.97333 s.
[2023-03-10 18:25:10.752] [info] DeGrooteFregly2016Muscle 'gaslat' is exceeding maximum contraction velocity at time 2.98167 s.
[2023-03-10 18:25:11.722] [info] DeGrooteFregly2016Muscle 'gaslat' is exceeding maximum contraction velocity at time 2.98167 s.
[2023-03-10 18:25:11.786] [info] DeGrooteFregly2016Muscle 'gaslat' is exceeding maximum contraction velocity at time 2.99 s.
[2023-03-10 18:25:12.714] [info] DeGrooteFregly2016Muscle 'gaslat' is exceeding maximum contraction velocity at time 2.99 s.
[2023-03-10 18:25:12.746] [info] DeGrooteFregly2016Muscle 'gaslat' is exceeding maximum contraction velocity at time 2.99833 s.
[2023-03-10 18:25:13.713] [info] DeGrooteFregly2016Muscle 'gaslat' is exceeding maximum contraction velocity at time 2.99833 s.
[2023-03-10 18:25:13.754] [info] DeGrooteFregly2016Muscle 'gaslat' is exceeding maximum contraction velocity at time 3.00667 s.
[2023-03-10 18:25:14.720] [info] DeGrooteFregly2016Muscle 'gaslat' is exceeding maximum contraction velocity at time 3.00667 s.
[2023-03-10 18:25:14.752] [info] DeGrooteFregly2016Muscle 'gaslat' is exceeding maximum contraction velocity at time 3.015 s.
[2023-03-10 18:25:15.688] [info] DeGrooteFregly2016Muscle 'gaslat' is exceeding maximum contraction velocity at time 3.015 s.
[2023-03-10 18:25:15.711] [info] DeGrooteFregly2016Muscle 'gaslat' is exceeding maximum contraction velocity at time 3.02333 s.
[2023-03-10 18:25:16.633] [info] DeGrooteFregly2016Muscle 'gaslat' is exceeding maximum contraction velocity at time 3.02333 s.
[2023-03-10 18:25:16.659] [info] DeGrooteFregly2016Muscle 'gaslat' is exceeding maximum contraction velocity at time 3.03167 s.
[2023-03-10 18:25:17.590] [info] DeGrooteFregly2016Muscle 'gaslat' is exceeding maximum contraction velocity at time 3.03167 s.
[2023-03-10 18:25:17.618] [info] DeGrooteFregly2016Muscle 'gaslat' is exceeding maximum contraction velocity at time 3.04 s.
[2023-03-10 18:25:18.570] [info] DeGrooteFregly2016Muscle 'gaslat' is exceeding maximum contraction velocity at time 3.04 s.
[2023-03-10 18:25:18.598] [info] DeGrooteFregly2016Muscle 'gaslat' is exceeding maximum contraction velocity at time 3.04833 s.
[2023-03-10 18:25:19.553] [info] DeGrooteFregly2016Muscle 'gaslat' is exceeding maximum contraction velocity at time 3.04833 s.
[2023-03-10 18:25:19.580] [info] DeGrooteFregly2016Muscle 'gaslat' is exceeding maximum contraction velocity at time 3.05667 s.
[2023-03-10 18:25:20.507] [info] DeGrooteFregly2016Muscle 'gaslat' is exceeding maximum contraction velocity at time 3.05667 s.
[2023-03-10 18:25:20.536] [info] DeGrooteFregly2016Muscle 'gaslat' is exceeding maximum contraction velocity at time 3.065 s.
[2023-03-10 18:25:21.505] [info] DeGrooteFregly2016Muscle 'gaslat' is exceeding maximum contraction velocity at time 3.065 s.
[2023-03-10 18:25:21.531] [info] DeGrooteFregly2016Muscle 'gaslat' is exceeding maximum contraction velocity at time 3.07333 s.
[2023-03-10 18:25:22.433] [info] DeGrooteFregly2016Muscle 'gaslat' is exceeding maximum contraction velocity at time 3.07333 s.
[2023-03-10 18:25:22.464] [info] DeGrooteFregly2016Muscle 'gaslat' is exceeding maximum contraction velocity at time 3.08167 s.
[2023-03-10 18:25:23.349] [info] DeGrooteFregly2016Muscle 'gaslat' is exceeding maximum contraction velocity at time 3.08167 s.
[2023-03-10 18:25:23.374] [info] DeGrooteFregly2016Muscle 'gaslat' is exceeding maximum contraction velocity at time 3.09 s.
[2023-03-10 18:25:24.279] [info] DeGrooteFregly2016Muscle 'gaslat' is exceeding maximum contraction velocity at time 3.09 s.
[2023-03-10 18:25:24.304] [info] DeGrooteFregly2016Muscle 'gaslat' is exceeding maximum contraction velocity at time 3.09833 s.
[2023-03-10 18:25:25.213] [info] DeGrooteFregly2016Muscle 'gaslat' is exceeding maximum contraction velocity at time 3.09833 s.
[2023-03-10 18:25:25.240] [info] DeGrooteFregly2016Muscle 'gaslat' is exceeding maximum contraction velocity at time 3.10667 s.
[2023-03-10 18:25:26.135] [info] DeGrooteFregly2016Muscle 'gaslat' is exceeding maximum contraction velocity at time 3.10667 s.
[2023-03-10 18:25:26.211] [info] DeGrooteFregly2016Muscle 'gaslat' is exceeding maximum contraction velocity at time 3.115 s.
[2023-03-10 18:25:27.147] [info] DeGrooteFregly2016Muscle 'gaslat' is exceeding maximum contraction velocity at time 3.115 s.
[2023-03-10 18:25:27.174] [info] DeGrooteFregly2016Muscle 'gaslat' is exceeding maximum contraction velocity at time 3.12333 s.
[2023-03-10 18:25:28.129] [info] DeGrooteFregly2016Muscle 'gaslat' is exceeding maximum contraction velocity at time 3.12333 s.
[2023-03-10 18:25:28.153] [info] DeGrooteFregly2016Muscle 'gaslat' is exceeding maximum contraction velocity at time 3.13167 s.
[2023-03-10 18:25:29.120] [info] DeGrooteFregly2016Muscle 'gaslat' is exceeding maximum contraction velocity at time 3.13167 s.
[2023-03-10 18:25:29.147] [info] DeGrooteFregly2016Muscle 'gaslat' is exceeding maximum contraction velocity at time 3.14 s.
[2023-03-10 18:25:30.061] [info] DeGrooteFregly2016Muscle 'gaslat' is exceeding maximum contraction velocity at time 3.14 s.
[2023-03-10 18:25:30.090] [info] DeGrooteFregly2016Muscle 'gaslat' is exceeding maximum contraction velocity at time 3.14833 s.
[2023-03-10 18:25:31.053] [info] DeGrooteFregly2016Muscle 'gaslat' is exceeding maximum contraction velocity at time 3.14833 s.
[2023-03-10 18:25:31.081] [info] DeGrooteFregly2016Muscle 'gaslat' is exceeding maximum contraction velocity at time 3.15667 s.
[2023-03-10 18:25:32.086] [info] DeGrooteFregly2016Muscle 'gaslat' is exceeding maximum contraction velocity at time 3.15667 s.
[2023-03-10 18:25:32.115] [info] DeGrooteFregly2016Muscle 'gaslat' is exceeding maximum contraction velocity at time 3.165 s.
[2023-03-10 18:25:33.085] [info] DeGrooteFregly2016Muscle 'gaslat' is exceeding maximum contraction velocity at time 3.165 s.
[2023-03-10 18:25:33.116] [info] DeGrooteFregly2016Muscle 'gaslat' is exceeding maximum contraction velocity at time 3.17333 s.
[2023-03-10 18:25:34.310] [info] DeGrooteFregly2016Muscle 'gaslat' is exceeding maximum contraction velocity at time 3.17333 s.
[2023-03-10 18:25:34.340] [info] DeGrooteFregly2016Muscle 'gaslat' is exceeding maximum contraction velocity at time 3.18167 s.
[2023-03-10 18:25:35.268] [info] DeGrooteFregly2016Muscle 'gaslat' is exceeding maximum contraction velocity at time 3.18167 s.
[2023-03-10 18:25:35.300] [info] DeGrooteFregly2016Muscle 'gaslat' is exceeding maximum contraction velocity at time 3.19 s.
[2023-03-10 18:25:36.248] [info] DeGrooteFregly2016Muscle 'gaslat' is exceeding maximum contraction velocity at time 3.19 s.
[2023-03-10 18:25:36.277] [info] DeGrooteFregly2016Muscle 'gaslat' is exceeding maximum contraction velocity at time 3.19833 s.
[2023-03-10 18:25:37.219] [info] DeGrooteFregly2016Muscle 'gaslat' is exceeding maximum contraction velocity at time 3.19833 s.
[2023-03-10 18:25:37.243] [info] DeGrooteFregly2016Muscle 'gaslat' is exceeding maximum contraction velocity at time 3.20667 s.
[2023-03-10 18:25:38.188] [info] DeGrooteFregly2016Muscle 'gaslat' is exceeding maximum contraction velocity at time 3.20667 s.
[2023-03-10 18:25:38.211] [info] DeGrooteFregly2016Muscle 'gaslat' is exceeding maximum contraction velocity at time 3.215 s.
[2023-03-10 18:25:39.137] [info] DeGrooteFregly2016Muscle 'gaslat' is exceeding maximum contraction velocity at time 3.215 s.
[2023-03-10 18:25:39.168] [info] DeGrooteFregly2016Muscle 'gaslat' is exceeding maximum contraction velocity at time 3.22333 s.
[2023-03-10 18:25:40.102] [info] DeGrooteFregly2016Muscle 'gaslat' is exceeding maximum contraction velocity at time 3.22333 s.
[2023-03-10 18:25:40.132] [info] DeGrooteFregly2016Muscle 'gaslat' is exceeding maximum contraction velocity at time 3.23167 s.
[2023-03-10 18:25:41.135] [info] DeGrooteFregly2016Muscle 'gaslat' is exceeding maximum contraction velocity at time 3.23167 s.
[2023-03-10 18:25:41.198] [info] DeGrooteFregly2016Muscle 'gaslat' is exceeding maximum contraction velocity at time 3.24 s.
[2023-03-10 18:25:42.231] [info] DeGrooteFregly2016Muscle 'gaslat' is exceeding maximum contraction velocity at time 3.24 s.
[2023-03-10 18:25:42.255] [info] DeGrooteFregly2016Muscle 'gaslat' is exceeding maximum contraction velocity at time 3.24833 s.
[2023-03-10 18:25:43.249] [info] DeGrooteFregly2016Muscle 'gaslat' is exceeding maximum contraction velocity at time 3.24833 s.
[2023-03-10 18:25:43.273] [info] DeGrooteFregly2016Muscle 'gaslat' is exceeding maximum contraction velocity at time 3.25667 s.
[2023-03-10 18:25:44.171] [info] DeGrooteFregly2016Muscle 'gaslat' is exceeding maximum contraction velocity at time 3.25667 s.
[2023-03-10 18:25:44.196] [info] DeGrooteFregly2016Muscle 'gaslat' is exceeding maximum contraction velocity at time 3.265 s.
[2023-03-10 18:25:45.125] [info] DeGrooteFregly2016Muscle 'gaslat' is exceeding maximum contraction velocity at time 3.265 s.
[2023-03-10 18:25:45.149] [info] DeGrooteFregly2016Muscle 'gaslat' is exceeding maximum contraction velocity at time 3.27333 s.
[2023-03-10 18:25:46.068] [info] DeGrooteFregly2016Muscle 'gaslat' is exceeding maximum contraction velocity at time 3.27333 s.
[2023-03-10 18:25:46.091] [info] DeGrooteFregly2016Muscle 'gaslat' is exceeding maximum contraction velocity at time 3.28167 s.
[2023-03-10 18:25:46.994] [info] DeGrooteFregly2016Muscle 'gaslat' is exceeding maximum contraction velocity at time 3.28167 s.
[2023-03-10 18:25:47.019] [info] DeGrooteFregly2016Muscle 'gaslat' is exceeding maximum contraction velocity at time 3.29 s.
[2023-03-10 18:25:47.997] [info] DeGrooteFregly2016Muscle 'gaslat' is exceeding maximum contraction velocity at time 3.29 s.
[2023-03-10 18:25:48.023] [info] DeGrooteFregly2016Muscle 'gaslat' is exceeding maximum contraction velocity at time 3.29833 s.
[2023-03-10 18:25:48.970] [info] DeGrooteFregly2016Muscle 'gaslat' is exceeding maximum contraction velocity at time 3.29833 s.
[2023-03-10 18:25:48.997] [info] DeGrooteFregly2016Muscle 'gaslat' is exceeding maximum contraction velocity at time 3.30667 s.
[2023-03-10 18:25:49.914] [info] DeGrooteFregly2016Muscle 'gaslat' is exceeding maximum contraction velocity at time 3.30667 s.
[2023-03-10 18:25:49.938] [info] DeGrooteFregly2016Muscle 'gaslat' is exceeding maximum contraction velocity at time 3.315 s.
[2023-03-10 18:25:50.843] [info] DeGrooteFregly2016Muscle 'gaslat' is exceeding maximum contraction velocity at time 3.315 s.
[2023-03-10 18:25:50.875] [info] DeGrooteFregly2016Muscle 'gaslat' is exceeding maximum contraction velocity at time 3.32333 s.
[2023-03-10 18:25:51.804] [info] DeGrooteFregly2016Muscle 'gaslat' is exceeding maximum contraction velocity at time 3.32333 s.
[2023-03-10 18:25:51.834] [info] DeGrooteFregly2016Muscle 'gaslat' is exceeding maximum contraction velocity at time 3.33167 s.
[2023-03-10 18:25:52.747] [info] DeGrooteFregly2016Muscle 'gaslat' is exceeding maximum contraction velocity at time 3.33167 s.
[2023-03-10 18:25:52.779] [info] DeGrooteFregly2016Muscle 'gaslat' is exceeding maximum contraction velocity at time 3.34 s.
[2023-03-10 18:25:53.722] [info] DeGrooteFregly2016Muscle 'gaslat' is exceeding maximum contraction velocity at time 3.34 s.
[2023-03-10 18:25:53.757] [info] DeGrooteFregly2016Muscle 'gaslat' is exceeding maximum contraction velocity at time 3.34833 s.
[2023-03-10 18:25:54.660] [info] DeGrooteFregly2016Muscle 'gaslat' is exceeding maximum contraction velocity at time 3.34833 s.
[2023-03-10 18:25:54.685] [info] DeGrooteFregly2016Muscle 'gaslat' is exceeding maximum contraction velocity at time 3.35667 s.
[2023-03-10 18:25:55.589] [info] DeGrooteFregly2016Muscle 'gaslat' is exceeding maximum contraction velocity at time 3.35667 s.
[2023-03-10 18:25:55.654] [info] DeGrooteFregly2016Muscle 'gaslat' is exceeding maximum contraction velocity at time 3.365 s.
[2023-03-10 18:25:56.567] [info] DeGrooteFregly2016Muscle 'gaslat' is exceeding maximum contraction velocity at time 3.365 s.
[2023-03-10 18:25:56.591] [info] DeGrooteFregly2016Muscle 'gaslat' is exceeding maximum contraction velocity at time 3.37333 s.
[2023-03-10 18:25:57.511] [info] DeGrooteFregly2016Muscle 'gaslat' is exceeding maximum contraction velocity at time 3.37333 s.
[2023-03-10 18:25:57.537] [info] DeGrooteFregly2016Muscle 'gaslat' is exceeding maximum contraction velocity at time 3.38167 s.
[2023-03-10 18:25:58.430] [info] DeGrooteFregly2016Muscle 'gaslat' is exceeding maximum contraction velocity at time 3.38167 s.
[2023-03-10 18:25:58.459] [info] DeGrooteFregly2016Muscle 'gaslat' is exceeding maximum contraction velocity at time 3.39 s.
[2023-03-10 18:25:59.375] [info] DeGrooteFregly2016Muscle 'gaslat' is exceeding maximum contraction velocity at time 3.39 s.
[2023-03-10 18:25:59.401] [info] DeGrooteFregly2016Muscle 'gaslat' is exceeding maximum contraction velocity at time 3.39833 s.
[2023-03-10 18:26:00.292] [info] DeGrooteFregly2016Muscle 'gaslat' is exceeding maximum contraction velocity at time 3.39833 s.
[2023-03-10 18:26:00.321] [info] DeGrooteFregly2016Muscle 'gaslat' is exceeding maximum contraction velocity at time 3.40667 s.
[2023-03-10 18:26:01.207] [info] DeGrooteFregly2016Muscle 'gaslat' is exceeding maximum contraction velocity at time 3.40667 s.
[2023-03-10 18:26:01.231] [info] DeGrooteFregly2016Muscle 'gaslat' is exceeding maximum contraction velocity at time 3.415 s.
[2023-03-10 18:26:02.123] [info] DeGrooteFregly2016Muscle 'gaslat' is exceeding maximum contraction velocity at time 3.415 s.
[2023-03-10 18:26:02.150] [info] DeGrooteFregly2016Muscle 'gaslat' is exceeding maximum contraction velocity at time 3.42333 s.
[2023-03-10 18:26:03.071] [info] DeGrooteFregly2016Muscle 'gaslat' is exceeding maximum contraction velocity at time 3.42333 s.
[2023-03-10 18:26:03.097] [info] DeGrooteFregly2016Muscle 'gaslat' is exceeding maximum contraction velocity at time 3.43167 s.
[2023-03-10 18:26:04.013] [info] DeGrooteFregly2016Muscle 'gaslat' is exceeding maximum contraction velocity at time 3.43167 s.
[2023-03-10 18:26:04.044] [info] DeGrooteFregly2016Muscle 'gaslat' is exceeding maximum contraction velocity at time 3.44 s.
[2023-03-10 18:26:04.988] [info] DeGrooteFregly2016Muscle 'gaslat' is exceeding maximum contraction velocity at time 3.44 s.
[2023-03-10 18:26:05.017] [info] DeGrooteFregly2016Muscle 'gaslat' is exceeding maximum contraction velocity at time 3.44833 s.
[2023-03-10 18:26:05.969] [info] DeGrooteFregly2016Muscle 'gaslat' is exceeding maximum contraction velocity at time 3.44833 s.
[2023-03-10 18:26:05.998] [info] DeGrooteFregly2016Muscle 'gaslat' is exceeding maximum contraction velocity at time 3.45667 s.
[2023-03-10 18:26:07.046] [info] DeGrooteFregly2016Muscle 'gaslat' is exceeding maximum contraction velocity at time 3.45667 s.
[2023-03-10 18:26:07.069] [info] DeGrooteFregly2016Muscle 'gaslat' is exceeding maximum contraction velocity at time 3.465 s.
[2023-03-10 18:26:08.059] [info] DeGrooteFregly2016Muscle 'gaslat' is exceeding maximum contraction velocity at time 3.465 s.
[2023-03-10 18:26:08.092] [info] DeGrooteFregly2016Muscle 'gaslat' is exceeding maximum contraction velocity at time 3.47333 s.
[2023-03-10 18:26:08.995] [info] DeGrooteFregly2016Muscle 'gaslat' is exceeding maximum contraction velocity at time 3.47333 s.
[2023-03-10 18:26:09.020] [info] DeGrooteFregly2016Muscle 'gaslat' is exceeding maximum contraction velocity at time 3.48167 s.
[2023-03-10 18:26:09.953] [info] DeGrooteFregly2016Muscle 'gaslat' is exceeding maximum contraction velocity at time 3.48167 s.
[2023-03-10 18:26:10.040] [info] DeGrooteFregly2016Muscle 'gaslat' is exceeding maximum contraction velocity at time 3.49 s.
[2023-03-10 18:26:10.962] [info] DeGrooteFregly2016Muscle 'gaslat' is exceeding maximum contraction velocity at time 3.49 s.
[2023-03-10 18:26:10.992] [info] DeGrooteFregly2016Muscle 'gaslat' is exceeding maximum contraction velocity at time 3.49833 s.
[2023-03-10 18:26:11.996] [info] DeGrooteFregly2016Muscle 'gaslat' is exceeding maximum contraction velocity at time 3.49833 s.
[2023-03-10 18:26:12.041] [info] DeGrooteFregly2016Muscle 'gaslat' is exceeding maximum contraction velocity at time 3.50667 s.
[2023-03-10 18:26:13.051] [info] DeGrooteFregly2016Muscle 'gaslat' is exceeding maximum contraction velocity at time 3.50667 s.
[2023-03-10 18:26:13.088] [info] DeGrooteFregly2016Muscle 'gaslat' is exceeding maximum contraction velocity at time 3.515 s.
[2023-03-10 18:26:14.229] [info] DeGrooteFregly2016Muscle 'gaslat' is exceeding maximum contraction velocity at time 3.515 s.
[2023-03-10 18:26:17.513] [info] DeGrooteFregly2016Muscle 'gaslat' is exceeding maximum contraction velocity at time 3.54833 s.
[2023-03-10 18:26:18.629] [info] DeGrooteFregly2016Muscle 'gaslat' is exceeding maximum contraction velocity at time 3.54833 s.
[2023-03-10 18:26:18.659] [info] DeGrooteFregly2016Muscle 'gaslat' is exceeding maximum contraction velocity at time 3.55667 s.
[2023-03-10 18:26:19.658] [info] DeGrooteFregly2016Muscle 'gaslat' is exceeding maximum contraction velocity at time 3.55667 s.
[2023-03-10 18:26:19.690] [info] DeGrooteFregly2016Muscle 'gaslat' is exceeding maximum contraction velocity at time 3.565 s.
[2023-03-10 18:26:20.773] [info] DeGrooteFregly2016Muscle 'gaslat' is exceeding maximum contraction velocity at time 3.565 s.
[2023-03-10 18:26:20.800] [info] DeGrooteFregly2016Muscle 'gaslat' is exceeding maximum contraction velocity at time 3.57333 s.
[2023-03-10 18:26:21.711] [info] DeGrooteFregly2016Muscle 'gaslat' is exceeding maximum contraction velocity at time 3.57333 s.
[2023-03-10 18:26:21.742] [info] DeGrooteFregly2016Muscle 'gaslat' is exceeding maximum contraction velocity at time 3.58167 s.
[2023-03-10 18:26:22.677] [info] DeGrooteFregly2016Muscle 'gaslat' is exceeding maximum contraction velocity at time 3.58167 s.
[2023-03-10 18:26:22.707] [info] DeGrooteFregly2016Muscle 'gaslat' is exceeding maximum contraction velocity at time 3.59 s.
[2023-03-10 18:26:23.665] [info] DeGrooteFregly2016Muscle 'gaslat' is exceeding maximum contraction velocity at time 3.59 s.
[2023-03-10 18:26:23.693] [info] DeGrooteFregly2016Muscle 'gaslat' is exceeding maximum contraction velocity at time 3.59833 s.
[2023-03-10 18:26:24.673] [info] DeGrooteFregly2016Muscle 'gaslat' is exceeding maximum contraction velocity at time 3.59833 s.
[2023-03-10 18:26:24.708] [info] DeGrooteFregly2016Muscle 'gaslat' is exceeding maximum contraction velocity at time 3.60667 s.
[2023-03-10 18:26:25.659] [info] DeGrooteFregly2016Muscle 'gaslat' is exceeding maximum contraction velocity at time 3.60667 s.
[2023-03-10 18:26:25.732] [info] DeGrooteFregly2016Muscle 'gaslat' is exceeding maximum contraction velocity at time 3.615 s.
[2023-03-10 18:26:26.676] [info] DeGrooteFregly2016Muscle 'gaslat' is exceeding maximum contraction velocity at time 3.615 s.
[2023-03-10 18:26:26.701] [info] DeGrooteFregly2016Muscle 'gaslat' is exceeding maximum contraction velocity at time 3.62333 s.
[2023-03-10 18:26:27.648] [info] DeGrooteFregly2016Muscle 'gaslat' is exceeding maximum contraction velocity at time 3.62333 s.
[2023-03-10 18:26:27.679] [info] DeGrooteFregly2016Muscle 'gaslat' is exceeding maximum contraction velocity at time 3.63167 s.
[2023-03-10 18:26:28.657] [info] DeGrooteFregly2016Muscle 'gaslat' is exceeding maximum contraction velocity at time 3.63167 s.
[2023-03-10 18:26:28.691] [info] DeGrooteFregly2016Muscle 'gaslat' is exceeding maximum contraction velocity at time 3.64 s.
[2023-03-10 18:26:29.669] [info] DeGrooteFregly2016Muscle 'gaslat' is exceeding maximum contraction velocity at time 3.64 s.
[2023-03-10 18:26:29.701] [info] DeGrooteFregly2016Muscle 'gaslat' is exceeding maximum contraction velocity at time 3.64833 s.
[2023-03-10 18:26:30.689] [info] DeGrooteFregly2016Muscle 'gaslat' is exceeding maximum contraction velocity at time 3.64833 s.
[2023-03-10 18:26:30.722] [info] DeGrooteFregly2016Muscle 'gaslat' is exceeding maximum contraction velocity at time 3.65667 s.
[2023-03-10 18:26:31.648] [info] DeGrooteFregly2016Muscle 'gaslat' is exceeding maximum contraction velocity at time 3.65667 s.
[2023-03-10 18:26:31.672] [info] DeGrooteFregly2016Muscle 'gaslat' is exceeding maximum contraction velocity at time 3.665 s.
[2023-03-10 18:26:32.626] [info] Printing results of investigation JWAllBody-scaled to C:\Gil\MeshesInAD\gaitWithKneeProsthesis\ScaledModel\SubjectSpecific\testmomentarms_ngait_og1
[2023-03-10 18:26:36.307] [info] DeGrooteFregly2016Muscle 'gaslat' is exceeding maximum contraction velocity at time 0.948333 s.
[2023-03-10 18:26:36.325] [info] DeGrooteFregly2016Muscle 'gaslat' is exceeding maximum contraction velocity at time 0.948333 s.
[2023-03-10 18:26:36.344] [info] DeGrooteFregly2016Muscle 'gaslat' is exceeding maximum contraction velocity at time 0.948333 s.
[2023-03-15 11:41:07.782] [info] Updating Model file from 30000 to latest format...
[2023-03-15 11:41:07.839] [warning] Model name 'JW All Body-scaled' contains whitespace.
[2023-03-15 11:41:07.839] [warning] It was renamed to 'JWAllBody-scaled'.
[2023-03-15 11:41:07.888] [info] Loaded model JWAllBody-scaled from file C:\Gil\MeshesInAD\gaitWithKneeProsthesis\trackingSimulations_3D\OpenSimModel\subject_GC\JW All Body Model-scaled.osim
[2023-03-15 11:41:07.895] [warning] Couldn't find file 'femur.vtp'.
[2023-03-15 11:41:07.895] [warning] Couldn't find file 'femoral_component.vtp'.
[2023-03-15 11:41:07.896] [warning] Couldn't find file 'tibial_tray.vtp'.
[2023-03-15 11:41:07.896] [warning] Couldn't find file 'tibia.vtp'.
[2023-03-15 11:41:08.355] [info] ControllerSet 'Controllers' was renamed and is being reset to 'controllerset'.
[2023-03-15 11:41:08.355] [warning] ConstraintSet 'constraintset' has subcomponents with duplicate name 'constantdistanceconstraint'. The duplicate is being renamed to 'constantdistanceconstraint_0'.
[2023-03-15 11:41:08.356] [warning] GeometryPath 'geometrypath' has subcomponents with duplicate name 'pathwrap'. The duplicate is being renamed to 'pathwrap_0'.
[2023-03-15 11:41:08.356] [warning] GeometryPath 'geometrypath' has subcomponents with duplicate name 'pathwrap'. The duplicate is being renamed to 'pathwrap_0'.
[2023-03-15 11:41:08.356] [warning] GeometryPath 'geometrypath' has subcomponents with duplicate name 'pathwrap'. The duplicate is being renamed to 'pathwrap_0'.
[2023-03-15 11:41:08.356] [warning] GeometryPath 'geometrypath' has subcomponents with duplicate name 'pathwrap'. The duplicate is being renamed to 'pathwrap_0'.
[2023-03-15 11:41:08.357] [warning] GeometryPath 'geometrypath' has subcomponents with duplicate name 'pathwrap'. The duplicate is being renamed to 'pathwrap_0'.
[2023-03-15 11:41:08.357] [warning] GeometryPath 'geometrypath' has subcomponents with duplicate name 'default'. The duplicate is being renamed to 'default_0'.
[2023-03-15 11:41:08.357] [warning] GeometryPath 'geometrypath' has subcomponents with duplicate name 'pathwrap'. The duplicate is being renamed to 'pathwrap_0'.
[2023-03-15 11:41:08.357] [warning] GeometryPath 'geometrypath' has subcomponents with duplicate name 'pathwrap'. The duplicate is being renamed to 'pathwrap_1'.
[2023-03-15 11:41:08.357] [warning] GeometryPath 'geometrypath' has subcomponents with duplicate name 'vasint-P4'. The duplicate is being renamed to 'vasint-P4_0'.
[2023-03-15 11:41:08.357] [warning] GeometryPath 'geometrypath' has subcomponents with duplicate name 'pathwrap'. The duplicate is being renamed to 'pathwrap_0'.
[2023-03-15 11:41:08.357] [warning] GeometryPath 'geometrypath' has subcomponents with duplicate name 'pathwrap'. The duplicate is being renamed to 'pathwrap_0'.
[2023-03-15 11:41:08.357] [warning] GeometryPath 'geometrypath' has subcomponents with duplicate name 'default'. The duplicate is being renamed to 'default_0'.
[2023-03-15 11:41:08.357] [warning] GeometryPath 'geometrypath' has subcomponents with duplicate name 'pathwrap'. The duplicate is being renamed to 'pathwrap_0'.
[2023-03-15 11:41:08.357] [info] ComponentSet 'MiscComponents' was renamed and is being reset to 'componentset'.
